player_id,player,team,pos,age,g,gs,mp_per_game,pts_per_game,trb_per_game,ast_per_game,stl_per_game,blk_per_game,tov_per_game,fg_percent,x3p_percent,ft_percent,mp,per,ts_percent,ows,dws,ws,ws_48,obpm,dbpm,bpm,vorp,salary,salary_millions
achiupr01,Precious Achiuwa,SAC,C,26.0,73,57.0,23.9,10.1,6.7,1.4,0.9,0.7,0.9,0.528,0.278,0.554,1745.0,16.2,0.558,1.8,1.2,2.9,0.081,-0.5,-1.1,-1.6,0.2,2111516.0,2.11
adamsst01,Steven Adams,HOU,C,32.0,32,11.0,22.8,5.8,8.6,1.5,0.7,0.6,1.1,0.504,,0.58,730.0,15.8,0.535,1.1,1.0,2.1,0.141,-0.1,-0.3,-0.5,0.3,14130434.0,14.13
adebaba01,Bam Adebayo,MIA,C,28.0,73,73.0,32.4,20.1,10.0,3.2,1.2,0.7,1.6,0.442,0.318,0.778,2365.0,18.7,0.551,2.8,3.6,6.4,0.129,1.5,0.4,2.0,2.4,37096620.0,37.1
aldamsa01,Santi Aldama,MEM,PF,25.0,43,11.0,27.9,14.0,6.7,2.9,0.9,0.7,1.3,0.479,0.35,0.667,1198.0,16.3,0.572,1.3,1.0,2.3,0.092,1.3,0.4,1.7,1.1,18485916.0,18.49
alexani01,Nickeil Alexander-Walker,ATL,SG,27.0,78,71.0,33.4,20.8,3.4,3.7,1.3,0.5,2.1,0.459,0.399,0.902,2603.0,16.5,0.61,3.6,2.7,6.3,0.116,1.6,-0.4,1.2,2.1,15161800.0,15.16
allengr01,Grayson Allen,PHO,SG,30.0,51,27.0,28.8,16.5,3.0,3.8,1.4,0.3,1.6,0.403,0.349,0.857,1467.0,16.1,0.568,2.3,1.6,3.9,0.127,1.9,0.2,2.1,1.5,16875000.0,16.88
allenja01,Jarrett Allen,CLE,C,27.0,56,56.0,27.1,15.4,8.5,1.8,1.0,0.8,1.3,0.638,0.1,0.709,1519.0,22.1,0.669,4.2,2.2,6.4,0.202,2.2,0.4,2.6,1.8,20000000.0,20.0
antetgi01,Giannis Antetokounmpo,MIL,PF,31.0,36,36.0,28.9,27.6,9.8,5.4,0.9,0.7,3.2,0.624,0.333,0.65,1039.0,32.6,0.658,3.9,1.1,5.0,0.231,7.7,1.8,9.5,3.0,54126450.0,54.13
antetth01,Thanasis Antetokounmpo,MIL,SF,33.0,34,0.0,4.4,1.4,0.9,0.4,0.4,0.2,0.3,0.469,0.0,0.567,148.0,14.0,0.52,0.0,0.2,0.2,0.076,-3.5,1.8,-1.7,0.0,2296274.0,2.3
anthoco01,Cole Anthony,MIL,PG,25.0,35,0.0,15.1,6.7,2.5,3.5,0.6,0.3,1.9,0.424,0.306,0.615,527.0,10.7,0.483,-0.9,0.4,-0.5,-0.042,-3.9,-0.9,-4.7,-0.4,5996274.0,6.0
anunoog01,OG Anunoby,NYK,PF,28.0,67,67.0,33.2,16.7,5.2,2.2,1.6,0.7,1.8,0.484,0.386,0.828,2224.0,15.8,0.62,3.1,3.2,6.3,0.135,0.9,1.1,2.0,2.3,39568966.0,39.57
avdijde01,Deni Avdija,POR,SF,25.0,66,66.0,33.3,24.2,6.9,6.7,0.8,0.6,3.8,0.462,0.318,0.802,2199.0,20.3,0.6,4.5,2.4,7.0,0.152,3.7,0.6,4.3,3.5,14375000.0,14.38
aytonde01,Deandre Ayton,LAL,C,27.0,72,72.0,27.2,12.5,8.0,0.8,0.6,1.0,1.2,0.671,,0.645,1958.0,18.2,0.676,4.0,2.2,6.2,0.152,0.0,-0.9,-0.9,0.6,33654814.0,33.65
baileac01,Ace Bailey,UTA,SF,19.0,72,61.0,27.6,13.8,4.2,1.8,0.8,0.7,1.5,0.443,0.344,0.75,1988.0,11.6,0.533,-0.4,0.3,-0.1,-0.001,-1.9,-2.5,-4.4,-1.2,9069840.0,9.07
ballla01,LaMelo Ball,CHO,PG,24.0,72,69.0,28.0,20.1,4.8,7.1,1.2,0.2,2.8,0.407,0.368,0.899,2017.0,19.7,0.546,3.6,2.6,6.2,0.147,4.8,-0.1,4.7,3.4,37958760.0,37.96
balllo01,Lonzo Ball,CLE,PG,28.0,35,3.0,20.8,4.6,4.0,3.9,1.3,0.3,1.5,0.301,0.272,0.667,728.0,9.5,0.432,-0.4,1.0,0.6,0.042,-2.9,1.8,-1.1,0.2,10000000.0,10.0
banchpa01,Paolo Banchero,ORL,PF,23.0,72,72.0,34.8,22.2,8.4,5.2,0.7,0.6,3.1,0.459,0.305,0.775,2502.0,17.6,0.566,2.0,3.0,5.0,0.095,1.4,0.0,1.4,2.1,15334769.0,15.33
banede01,Desmond Bane,ORL,SG,27.0,82,82.0,33.6,20.1,4.1,4.1,1.0,0.5,2.0,0.484,0.391,0.908,2756.0,16.9,0.607,4.8,2.6,7.4,0.129,1.6,-0.2,1.4,2.3,36725670.0,36.73
barlodo01,Dominick Barlow,PHI,PF,22.0,71,59.0,23.8,7.7,4.8,1.2,0.9,0.7,0.8,0.539,0.256,0.718,1689.0,13.2,0.597,2.2,1.8,3.9,0.112,-1.5,0.4,-1.1,0.4,3415000.0,3.42
barneha02,Harrison Barnes,SAS,PF,33.0,77,52.0,25.8,9.9,2.8,1.9,0.6,0.2,0.8,0.456,0.388,0.829,1986.0,11.8,0.608,2.7,2.1,4.8,0.117,-0.2,0.1,-0.1,1.0,19000000.0,19.0
barnesc01,Scottie Barnes,TOR,PF,24.0,80,80.0,33.5,18.1,7.5,5.9,1.4,1.5,2.6,0.507,0.304,0.815,2681.0,19.2,0.577,3.3,4.5,7.8,0.14,1.9,2.3,4.2,4.2,38661750.0,38.66
barrerj01,RJ Barrett,TOR,SF,25.0,57,57.0,30.3,19.3,5.3,3.3,0.7,0.3,1.7,0.491,0.339,0.717,1726.0,17.0,0.585,2.0,2.0,4.0,0.111,1.0,-0.7,0.2,1.0,27705357.0,27.71
battlja01,Jamison Battle,TOR,SF,24.0,61,2.0,8.5,3.1,1.5,0.4,0.1,0.0,0.3,0.51,0.412,0.643,517.0,10.6,0.635,0.4,0.5,0.9,0.086,-1.6,-1.0,-2.6,-0.1,1955377.0,1.96
batumni01,Nicolas Batum,LAC,PF,37.0,74,6.0,17.5,4.0,2.5,0.9,0.6,0.3,0.5,0.403,0.404,0.818,1295.0,8.4,0.603,0.6,1.2,1.8,0.066,-1.7,0.7,-1.0,0.3,5601600.0,5.6
berinjo01,Joan Beringer,MIN,PF,19.0,40,3.0,7.9,3.9,2.3,0.3,0.2,0.7,0.3,0.663,,0.703,314.0,21.3,0.683,1.0,0.5,1.5,0.222,0.2,0.2,0.4,0.2,4201080.0,4.2
beysa01,Saddiq Bey,NOP,SF,26.0,72,64.0,31.2,17.7,5.6,2.5,0.9,0.1,0.9,0.451,0.367,0.841,2246.0,17.1,0.579,4.5,1.0,5.4,0.116,2.3,-1.8,0.5,1.4,6118644.0,6.12
bitadgo01,Goga Bitadze,ORL,C,26.0,64,3.0,15.2,5.9,5.0,1.3,0.6,1.0,0.7,0.676,0.182,0.711,972.0,20.1,0.7,2.8,1.6,4.4,0.218,0.8,2.0,2.8,1.2,8333333.0,8.33
biyombi01,Bismack Biyombo,SAS,C,33.0,25,1.0,5.6,0.9,1.0,0.2,0.2,0.1,0.3,0.6,,0.714,141.0,4.5,0.636,0.0,0.2,0.2,0.057,-7.2,1.4,-5.8,-0.1,2296274.0,2.3
blackan01,Anthony Black,ORL,PG,22.0,64,40.0,29.8,15.0,3.8,3.7,1.4,0.7,2.1,0.447,0.333,0.732,1910.0,13.7,0.549,0.3,2.4,2.6,0.067,-1.2,0.7,-0.6,0.7,7970280.0,7.97
bogdabo01,Bogdan Bogdanović,LAC,SG,33.0,23,3.0,19.7,7.4,2.6,2.2,0.4,0.1,1.2,0.388,0.347,0.8,452.0,8.9,0.525,-0.1,0.3,0.2,0.02,-2.3,-0.8,-3.1,-0.1,16020000.0,16.02
bonaad01,Adem Bona,PHI,C,22.0,71,18.0,17.4,4.8,4.3,0.5,0.4,1.2,0.8,0.595,0.333,0.708,1234.0,12.8,0.638,1.4,1.5,2.9,0.112,-3.2,0.3,-2.9,-0.3,1955377.0,1.96
bookede01,Devin Booker,PHO,SG,29.0,64,64.0,33.5,26.1,3.9,6.0,0.8,0.3,3.1,0.456,0.33,0.873,2146.0,20.4,0.585,4.7,1.8,6.5,0.145,3.2,-1.0,2.2,2.3,53142264.0,53.14
branhma01,Malaki Branham,WAS,SG,22.0,28,0.0,9.8,4.6,1.6,0.8,0.4,0.1,0.5,0.473,0.378,0.824,275.0,14.0,0.604,0.3,0.0,0.4,0.064,-0.8,-1.5,-2.2,0.0,4962033.0,4.96
braunch01,Christian Braun,DEN,SG,24.0,44,44.0,31.8,12.0,4.8,2.7,0.7,0.3,1.0,0.519,0.301,0.782,1399.0,12.6,0.607,2.2,0.8,3.0,0.103,-0.4,-0.9,-1.2,0.3,4921797.0,4.92
bridgmi01,Mikal Bridges,NYK,SF,29.0,82,82.0,32.8,14.4,3.8,3.7,1.3,0.8,1.0,0.49,0.371,0.827,2692.0,15.3,0.587,4.7,3.3,8.0,0.143,1.3,1.4,2.7,3.2,24900000.0,24.9
bridgmi02,Miles Bridges,CHO,PF,27.0,77,77.0,31.0,17.1,5.8,3.2,0.6,0.4,1.4,0.46,0.333,0.822,2387.0,16.0,0.57,4.0,2.5,6.5,0.13,1.2,-0.1,1.1,1.9,25000000.0,25.0
brookdi01,Dillon Brooks,PHO,SF,30.0,56,56.0,30.4,20.2,3.6,1.8,1.0,0.2,1.8,0.435,0.344,0.842,1702.0,14.1,0.54,0.4,1.6,2.1,0.058,-1.0,-1.3,-2.3,-0.1,21124110.0,21.12
broomjo01,Johni Broome,PHI,C,23.0,11,0.0,5.0,0.9,1.5,0.4,0.3,0.2,0.3,0.167,0.0,0.333,55.0,0.4,0.188,-0.3,0.1,-0.2,-0.212,-11.9,-4.4,-16.2,-0.2,1272870.0,1.27
brownbr01,Bruce Brown,DEN,SG,29.0,82,4.0,24.4,7.9,3.9,2.1,1.0,0.2,1.1,0.475,0.385,0.762,1998.0,10.8,0.562,1.2,1.8,2.9,0.071,-2.5,0.1,-2.4,-0.2,2296274.0,2.3
brownja02,Jaylen Brown,BOS,SF,29.0,71,71.0,34.4,28.7,6.9,5.1,1.0,0.4,3.6,0.477,0.347,0.795,2443.0,22.0,0.573,3.5,3.4,6.9,0.135,3.5,-0.1,3.3,3.3,53142264.0,53.14
brunsja01,Jalen Brunson,NYK,PG,29.0,74,74.0,35.0,26.0,3.3,6.8,0.8,0.1,2.4,0.467,0.369,0.841,2590.0,20.1,0.58,6.5,2.2,8.8,0.163,4.0,-0.9,3.1,3.3,34944001.0,34.94
bryanca01,Carter Bryant,SAS,PF,20.0,71,0.0,11.5,4.2,2.5,0.7,0.2,0.3,0.5,0.408,0.335,0.714,818.0,9.9,0.526,0.1,1.2,1.3,0.076,-3.1,0.2,-3.0,-0.2,4900320.0,4.9
bryanth01,Thomas Bryant,CLE,C,28.0,60,1.0,12.2,6.2,3.4,0.6,0.3,0.4,0.5,0.506,0.359,0.803,732.0,17.2,0.625,1.4,0.9,2.3,0.153,0.8,-0.7,0.1,0.4,2296274.0,2.3
bufkiko01,Kobe Bufkin,LAL,SG,22.0,16,1.0,7.4,2.9,0.8,0.6,0.1,0.2,0.3,0.3,0.192,0.917,119.0,6.2,0.416,-0.2,0.1,-0.1,-0.056,-6.2,-3.2,-9.4,-0.2,5480297.0,5.48
butleji01,Jimmy Butler,GSW,SF,36.0,38,38.0,31.1,20.0,5.6,4.9,1.4,0.2,1.6,0.519,0.376,0.864,1182.0,23.5,0.646,4.6,1.1,5.7,0.233,5.0,0.5,5.5,2.3,54126450.0,54.13
buzelma01,Matas Buzelis,CHI,PF,21.0,77,77.0,29.2,16.3,5.8,2.1,0.7,1.5,2.1,0.463,0.349,0.786,2248.0,14.8,0.586,0.4,2.1,2.6,0.055,-0.6,-0.4,-1.0,0.5,5455560.0,5.46
caldwke01,Kentavious Caldwell-Pope,MEM,SG,32.0,51,14.0,21.3,8.4,2.5,2.7,0.8,0.2,1.2,0.41,0.316,0.913,1088.0,11.0,0.533,0.2,0.5,0.7,0.032,-2.3,-0.2,-2.5,-0.1,21621500.0,21.62
camarto01,Toumani Camara,POR,PF,25.0,82,82.0,33.3,13.4,5.1,2.5,1.1,0.4,1.8,0.44,0.37,0.708,2731.0,11.3,0.578,2.1,2.7,4.8,0.084,-1.0,0.0,-1.0,0.7,2221677.0,2.22
capelca01,Clint Capela,HOU,C,31.0,75,3.0,12.3,3.8,4.6,0.7,0.5,0.8,0.5,0.52,0.5,0.577,926.0,17.9,0.54,1.3,1.7,3.0,0.156,-0.5,0.9,0.4,0.6,6700000.0,6.7
carrica01,Bub Carrington,WAS,PG,20.0,82,48.0,27.7,10.7,3.4,4.6,0.6,0.2,2.3,0.424,0.408,0.73,2271.0,9.9,0.556,-0.3,-0.1,-0.4,-0.009,-2.2,-2.5,-4.7,-1.6,4677600.0,4.68
cartede02,Devin Carter,SAC,PG,23.0,38,12.0,18.4,8.9,3.3,2.7,0.9,0.2,1.4,0.414,0.263,0.713,700.0,13.8,0.508,-0.2,0.4,0.2,0.012,-1.5,-1.2,-2.6,-0.1,4923720.0,4.92
cartewe01,Wendell Carter Jr.,ORL,C,26.0,78,78.0,29.3,11.8,7.4,2.0,0.8,0.6,1.3,0.512,0.319,0.792,2288.0,14.1,0.617,3.4,2.8,6.2,0.131,-1.0,0.5,-0.6,0.8,10850000.0,10.85
carusal01,Alex Caruso,OKC,SG,31.0,56,0.0,18.2,6.2,2.8,2.0,1.3,0.3,0.9,0.423,0.293,0.804,1020.0,12.8,0.54,0.3,2.2,2.5,0.12,-1.4,3.3,1.9,1.0,18102000.0,18.1
castlst01,Stephon Castle,SAS,PG,21.0,68,67.0,30.0,16.7,5.3,7.4,1.1,0.3,3.2,0.471,0.332,0.734,2038.0,17.4,0.575,2.8,2.9,5.8,0.136,1.0,0.9,1.9,2.0,9560520.0,9.56
champju01,Justin Champagnie,WAS,SF,24.0,69,19.0,20.0,8.7,5.6,1.2,0.9,0.6,0.7,0.502,0.319,0.784,1377.0,17.3,0.589,2.4,0.8,3.1,0.109,0.6,-1.0,-0.4,0.6,2349578.0,2.35
champju02,Julian Champagnie,SAS,SF,24.0,82,68.0,27.6,11.1,5.8,1.5,0.8,0.5,0.8,0.437,0.381,0.844,2266.0,13.1,0.609,2.8,3.4,6.2,0.132,0.5,0.8,1.4,1.9,3000000.0,3.0
chrisca02,Cam Christie,LAC,SG,20.0,55,0.0,8.7,2.8,1.4,0.6,0.3,0.1,0.4,0.381,0.245,0.76,480.0,9.2,0.484,-0.2,0.4,0.2,0.016,-3.5,-1.1,-4.6,-0.3,1955377.0,1.96
chrisma02,Max Christie,DAL,SG,22.0,77,68.0,29.1,12.3,3.2,2.0,0.6,0.4,1.2,0.441,0.404,0.899,2244.0,11.0,0.601,1.3,1.4,2.7,0.058,-1.0,-0.6,-1.5,0.3,7714286.0,7.71
cissosi01,Sidy Cissoko,POR,SF,21.0,75,26.0,19.1,5.1,2.2,1.5,0.7,0.3,0.9,0.398,0.298,0.659,1435.0,7.1,0.514,0.0,1.3,1.3,0.045,-4.6,0.5,-4.0,-0.7,686243.0,0.69
clarkja02,Jaylen Clark,MIN,SG,24.0,68,1.0,13.1,4.0,1.8,0.6,0.7,0.1,0.3,0.434,0.327,0.657,888.0,10.3,0.534,0.6,1.0,1.7,0.09,-3.2,0.7,-2.4,-0.1,2191897.0,2.19
clarkjo01,Jordan Clarkson,NYK,SG,33.0,72,1.0,17.8,8.6,1.8,1.3,0.4,0.1,0.9,0.451,0.327,0.83,1279.0,11.6,0.548,0.9,1.0,1.9,0.072,-1.9,-1.4,-3.3,-0.4,12947835.0,12.95
claxtni01,Nic Claxton,BRK,C,26.0,69,68.0,27.8,11.7,6.9,3.7,0.7,1.1,1.4,0.571,0.158,0.616,1920.0,17.6,0.592,3.3,1.5,4.8,0.121,0.3,0.6,0.9,1.4,25352272.0,25.35
cliffni01,Nique Clifford,SAC,SG,23.0,75,28.0,25.1,8.6,3.8,2.4,0.9,0.3,1.5,0.418,0.333,0.722,1882.0,9.0,0.505,-1.2,0.6,-0.6,-0.014,-3.7,-1.2,-4.9,-1.4,3108120.0,3.11
clingdo01,Donovan Clingan,POR,C,21.0,77,77.0,27.2,12.1,11.6,2.1,0.6,1.7,1.2,0.52,0.341,0.68,2094.0,20.9,0.604,5.1,3.5,8.6,0.197,2.4,0.6,3.0,2.6,7178400.0,7.18
clownno01,Noah Clowney,BRK,PF,21.0,66,60.0,27.0,12.3,4.1,1.6,0.8,0.7,1.5,0.396,0.329,0.804,1780.0,11.2,0.554,-0.1,1.2,1.1,0.029,-2.3,-1.1,-3.4,-0.6,3398640.0,3.4
colliis01,Isaiah Collier,UTA,PG,21.0,59,19.0,25.7,11.7,2.5,7.2,1.1,0.3,2.5,0.495,0.27,0.722,1517.0,14.8,0.567,1.3,0.3,1.7,0.053,-0.7,-1.8,-2.4,-0.2,2638200.0,2.64
collijo01,John Collins,LAC,PF,28.0,69,56.0,27.1,13.6,5.3,1.0,0.9,0.7,1.4,0.552,0.406,0.766,1872.0,16.3,0.643,2.7,1.8,4.6,0.117,0.0,-0.5,-0.5,0.7,26580000.0,26.58
colliza01,Zach Collins,CHI,C,28.0,10,0.0,18.4,9.7,5.6,1.5,0.2,0.4,1.0,0.578,0.429,0.7,184.0,17.9,0.666,0.4,0.1,0.5,0.137,1.0,-0.7,0.2,0.1,18080496.0,18.08
conlemi01,Mike Conley,MIN,PG,38.0,54,15.0,18.4,4.5,1.7,2.9,0.6,0.3,0.6,0.335,0.337,0.9,991.0,9.4,0.517,0.9,1.0,1.9,0.092,-2.3,1.0,-1.3,0.2,11499872.0,11.5
connapa01,Pat Connaughton,CHO,SG,33.0,42,0.0,7.1,2.6,1.5,0.4,0.3,0.0,0.3,0.447,0.404,0.65,297.0,12.9,0.586,0.3,0.4,0.7,0.113,-0.2,0.3,0.1,0.2,10739683.0,10.74
coulibi01,Bilal Coulibaly,WAS,SG,21.0,56,56.0,26.2,11.7,4.3,2.6,1.3,1.0,1.4,0.425,0.319,0.746,1468.0,13.5,0.531,0.2,0.8,1.0,0.031,-1.7,-0.4,-2.1,-0.1,7275600.0,7.28
cowarce01,Cedric Coward,MEM,SG,22.0,62,47.0,25.8,13.6,5.9,2.8,0.6,0.4,1.7,0.471,0.338,0.843,1598.0,15.3,0.585,1.4,1.1,2.5,0.076,0.4,-0.6,-0.2,0.7,5715120.0,5.72
cunnica01,Cade Cunningham,DET,PG,24.0,64,64.0,33.9,23.9,5.5,9.9,1.4,0.8,3.7,0.461,0.342,0.812,2172.0,21.6,0.564,4.2,3.6,7.9,0.174,4.8,1.5,6.3,4.6,46394100.0,46.39
curryse01,Seth Curry,GSW,SG,35.0,10,0.0,13.3,7.1,1.2,1.0,0.3,0.0,0.2,0.49,0.48,0.917,133.0,16.0,0.654,0.4,0.1,0.4,0.152,1.6,-1.3,0.2,0.1,1755198.0,1.76
curryst01,Stephen Curry,GSW,PG,37.0,43,41.0,30.9,26.6,3.6,4.7,1.1,0.4,2.8,0.468,0.393,0.923,1329.0,22.6,0.637,2.9,1.2,4.1,0.147,6.3,-1.0,5.4,2.5,59606817.0,59.61
dadiepa01,Pacôme Dadiet,NYK,SG,20.0,29,0.0,4.7,1.7,0.9,0.4,0.1,0.0,0.1,0.333,0.219,0.818,136.0,9.6,0.454,0.0,0.2,0.2,0.062,-3.0,-0.2,-3.3,0.0,2847600.0,2.85
daniedy01,Dyson Daniels,ATL,SG,22.0,76,76.0,33.2,11.9,6.8,5.9,2.0,0.4,1.8,0.517,0.188,0.615,2520.0,15.5,0.542,3.1,3.6,6.6,0.126,-0.6,1.8,1.3,2.1,7707709.0,7.71
dasiltr01,Tristan Da Silva,ORL,SF,24.0,77,34.0,24.7,9.9,3.7,1.6,0.9,0.3,0.9,0.45,0.374,0.884,1899.0,12.0,0.576,1.3,2.1,3.3,0.084,-0.7,0.1,-0.6,0.7,3809520.0,3.81
davisan02,Anthony Davis,DAL,PF,32.0,20,20.0,31.3,20.4,11.1,2.8,1.1,1.7,2.1,0.506,0.27,0.728,626.0,21.5,0.551,0.4,1.0,1.3,0.103,1.5,0.9,2.4,0.7,54126450.0,54.13
davisjd01,JD Davison,HOU,PG,23.0,28,0.0,7.8,2.5,1.2,1.3,0.2,0.2,0.3,0.375,0.25,0.684,218.0,11.4,0.477,0.2,0.3,0.5,0.102,-2.4,1.3,-1.1,0.0,2270735.0,2.27
demineg01,Egor Dёmin,BRK,PG,19.0,52,45.0,25.2,10.3,3.2,3.3,0.8,0.3,1.7,0.399,0.385,0.831,1308.0,11.3,0.561,0.1,0.7,0.9,0.032,-0.9,-0.7,-1.6,0.1,6889200.0,6.89
derozde01,DeMar DeRozan,SAC,PF,36.0,77,77.0,31.2,18.4,2.9,4.1,1.0,0.3,1.2,0.497,0.32,0.868,2406.0,17.8,0.594,5.2,0.4,5.6,0.112,0.9,-1.0,-0.1,1.1,24570000.0,24.57
diabamo01,Moussa Diabaté,CHO,C,24.0,73,47.0,26.0,7.9,8.7,1.9,0.8,1.0,1.0,0.631,0.5,0.659,1899.0,17.2,0.653,4.7,2.8,7.4,0.188,0.4,1.2,1.7,1.8,2270735.0,2.27
diawamo01,Mohamed Diawara,NYK,SF,20.0,69,7.0,9.2,3.6,1.4,0.8,0.2,0.1,0.4,0.423,0.369,0.75,634.0,10.3,0.55,0.2,0.7,0.9,0.072,-1.8,0.1,-1.7,0.0,1272870.0,1.27
dickgr01,Gradey Dick,TOR,SG,22.0,76,1.0,14.0,6.0,1.9,0.7,0.6,0.1,0.6,0.419,0.301,0.875,1067.0,10.7,0.538,0.2,1.3,1.4,0.064,-3.2,-0.4,-3.6,-0.4,4990560.0,4.99
divindo01,Donte DiVincenzo,MIN,SG,29.0,82,82.0,30.4,12.2,4.1,3.8,1.3,0.4,1.4,0.406,0.379,0.743,2494.0,12.5,0.567,2.3,2.9,5.2,0.1,0.0,0.7,0.8,1.7,11990000.0,11.99
doncilu01,Luka Dončić,LAL,PG,26.0,64,64.0,35.8,33.5,7.7,8.3,1.6,0.5,4.0,0.476,0.366,0.78,2289.0,27.9,0.616,6.6,2.9,9.5,0.199,8.0,1.3,9.3,6.6,45999660.0,46.0
dortlu01,Luguentz Dort,OKC,SF,26.0,69,69.0,26.8,8.3,3.6,1.2,0.9,0.4,0.8,0.385,0.344,0.759,1849.0,8.3,0.524,0.0,3.0,3.0,0.078,-2.8,0.8,-2.0,0.0,18222222.0,18.22
drumman01,Andre Drummond,PHI,C,32.0,63,25.0,19.5,6.4,8.4,1.3,0.6,0.8,1.0,0.472,0.356,0.631,1231.0,16.4,0.539,1.5,1.9,3.4,0.133,-0.4,-0.2,-0.6,0.4,5000000.0,5.0
dunnkr01,Kris Dunn,LAC,PG,31.0,82,68.0,27.2,7.3,3.3,3.6,1.6,0.2,1.4,0.476,0.374,0.765,2230.0,11.3,0.581,1.7,2.3,4.0,0.085,-2.3,1.5,-0.8,0.6,5426400.0,5.43
dunnry01,Ryan Dunn,PHO,SF,23.0,70,16.0,19.4,5.8,4.2,1.5,0.9,0.4,0.8,0.453,0.331,0.489,1355.0,11.7,0.532,0.7,1.9,2.6,0.093,-2.1,1.2,-0.9,0.4,2657760.0,2.66
duranke01,Kevin Durant,HOU,SF,37.0,78,78.0,36.4,26.0,5.5,4.8,0.8,0.9,3.2,0.52,0.413,0.874,2840.0,21.1,0.641,7.5,3.2,10.7,0.18,4.4,0.1,4.5,4.7,54708609.0,54.71
durenja01,Jalen Duren,DET,C,22.0,70,70.0,28.2,19.5,10.5,2.0,0.8,0.8,1.9,0.65,,0.747,1976.0,26.1,0.688,7.2,3.8,11.0,0.266,4.4,0.5,5.0,3.5,6483144.0,6.48
easonta01,Tari Eason,HOU,PF,24.0,60,34.0,25.8,10.5,6.3,1.5,1.2,0.5,1.4,0.416,0.358,0.776,1549.0,12.9,0.514,0.6,2.3,2.9,0.091,-1.8,0.2,-1.6,0.2,5675766.0,5.68
edeyza01,Zach Edey,MEM,C,23.0,11,11.0,25.8,13.6,11.1,1.1,0.6,1.9,2.4,0.633,0.2,0.781,284.0,20.7,0.669,0.4,0.4,0.8,0.134,-0.6,1.1,0.5,0.2,6045000.0,6.04
edgecvj01,VJ Edgecombe,PHI,SG,20.0,75,75.0,35.0,16.0,5.6,4.2,1.4,0.5,1.8,0.438,0.354,0.818,2623.0,14.0,0.54,1.9,2.5,4.4,0.081,-0.4,-0.1,-0.5,1.0,11108880.0,11.11
edwaran01,Anthony Edwards,MIN,SG,24.0,61,60.0,35.0,28.8,5.0,3.7,1.4,0.8,2.9,0.489,0.399,0.796,2137.0,21.8,0.617,3.9,2.7,6.5,0.147,4.7,-0.1,4.5,3.5,45550512.0,45.55
edwarju01,Justin Edwards,PHI,SF,22.0,64,12.0,15.3,6.0,1.5,1.3,0.8,0.2,0.6,0.447,0.372,0.846,977.0,12.1,0.572,0.8,0.9,1.7,0.086,-1.8,0.6,-1.3,0.2,2048494.0,2.05
embiijo01,Joel Embiid,PHI,C,31.0,38,38.0,31.6,26.9,7.7,3.9,0.6,1.2,2.9,0.489,0.333,0.854,1201.0,24.7,0.605,2.8,1.3,4.1,0.163,5.1,-0.2,4.9,2.1,55224526.0,55.22
eubandr01,Drew Eubanks,SAC,C,28.0,42,11.0,13.1,5.2,3.0,0.5,0.4,0.6,0.7,0.596,0.143,0.561,552.0,13.6,0.605,0.3,0.3,0.6,0.053,-3.0,-0.7,-3.7,-0.2,2296274.0,2.3
fearsje01,Jeremiah Fears,NOP,PG,19.0,82,49.0,25.8,14.3,3.7,3.4,1.2,0.4,2.2,0.434,0.33,0.789,2112.0,13.8,0.525,-0.8,1.4,0.6,0.015,-1.4,-1.3,-2.7,-0.4,7520040.0,7.52
filipky01,Kyle Filipowski,UTA,C,22.0,77,41.0,23.4,11.4,7.2,2.6,0.9,0.5,1.6,0.492,0.325,0.75,1801.0,16.0,0.586,1.8,1.3,3.1,0.082,-0.6,-0.5,-1.1,0.4,3000000.0,3.0
finnedo01,Dorian Finney-Smith,HOU,PF,32.0,37,1.0,16.8,3.3,2.5,1.0,0.4,0.2,0.6,0.333,0.27,0.889,620.0,5.8,0.452,0.0,0.6,0.5,0.042,-4.3,-0.1,-4.3,-0.4,12700000.0,12.7
flaggco01,Cooper Flagg,DAL,SF,19.0,70,70.0,33.5,21.0,6.7,4.5,1.2,0.9,2.3,0.468,0.295,0.827,2344.0,17.9,0.548,1.3,2.5,3.8,0.078,1.0,0.4,1.4,2.0,13825920.0,13.83
flemira01,Rasheer Fleming,PHO,PF,21.0,55,1.0,12.2,4.3,2.3,0.3,0.4,0.4,0.5,0.405,0.346,0.559,673.0,10.2,0.517,0.0,0.8,0.8,0.055,-3.0,-0.7,-3.8,-0.3,1272870.0,1.27
fontesi01,Simone Fontecchio,MIA,SF,30.0,70,9.0,16.8,8.5,3.0,1.4,0.5,0.1,0.7,0.412,0.375,0.843,1173.0,13.8,0.579,1.4,1.2,2.6,0.106,0.7,-0.2,0.5,0.7,8307692.0,8.31
foxde01,De'Aaron Fox,SAS,PG,28.0,72,72.0,31.0,18.6,3.8,6.2,1.2,0.3,2.3,0.486,0.332,0.76,2231.0,17.6,0.578,3.4,3.0,6.4,0.138,1.5,0.6,2.2,2.4,37096620.0,37.1
furphjo01,Johnny Furphy,IND,SG,21.0,35,21.0,18.4,5.1,4.4,1.2,0.6,0.2,0.8,0.47,0.324,0.486,643.0,9.2,0.547,0.0,0.5,0.5,0.036,-3.9,0.2,-3.7,-0.3,1955377.0,1.96
gaffoda01,Daniel Gafford,DAL,C,27.0,55,44.0,21.7,9.5,6.9,1.1,0.8,1.3,1.1,0.655,,0.683,1195.0,18.8,0.677,2.5,1.7,4.1,0.167,-0.5,1.2,0.7,0.8,14386320.0,14.39
gardnmy01,Myron Gardner,MIA,SF,24.0,45,7.0,9.1,3.6,2.7,1.0,0.4,0.2,0.4,0.48,0.406,0.731,411.0,15.2,0.606,0.8,0.6,1.4,0.163,-1.1,1.9,0.9,0.3,395029.0,0.4
garzalu01,Luka Garza,BOS,C,27.0,69,6.0,16.2,8.1,4.1,1.0,0.4,0.4,0.7,0.577,0.433,0.769,1118.0,19.9,0.682,3.9,1.4,5.3,0.226,2.2,0.2,2.4,1.2,2461463.0,2.46
georgke01,Keyonte George,UTA,PG,22.0,54,54.0,33.1,23.6,3.7,6.1,1.1,0.3,3.1,0.456,0.371,0.892,1786.0,18.5,0.609,3.1,0.1,3.3,0.088,3.0,-2.1,0.9,1.3,4278960.0,4.28
georgky01,Kyshawn George,WAS,SF,22.0,48,48.0,29.0,14.8,5.1,4.5,1.0,0.9,2.6,0.438,0.381,0.802,1391.0,13.8,0.559,0.1,0.5,0.6,0.022,-0.5,-0.6,-1.2,0.3,2966760.0,2.97
georgpa01,Paul George,PHI,PF,35.0,37,37.0,30.7,17.3,5.3,3.6,1.7,0.4,1.7,0.439,0.392,0.82,1135.0,16.7,0.57,1.1,1.4,2.5,0.108,1.0,0.7,1.7,1.1,51666090.0,51.67
giddejo01,Josh Giddey,CHI,PG,23.0,54,51.0,32.1,17.0,8.3,9.1,1.0,0.5,3.6,0.448,0.364,0.763,1731.0,18.0,0.562,1.6,1.7,3.2,0.09,2.3,0.4,2.7,2.0,25000000.0,25.0
gilgesh01,Shai Gilgeous-Alexander,OKC,PG,27.0,68,68.0,33.2,31.1,4.3,6.6,1.4,0.8,2.2,0.553,0.386,0.879,2259.0,30.8,0.665,11.1,4.1,15.2,0.323,8.7,3.0,11.7,7.8,38333050.0,38.33
gillan01,Anthony Gill,WAS,PF,33.0,55,8.0,17.3,5.8,2.9,1.3,0.6,0.4,0.7,0.628,0.354,0.739,951.0,13.4,0.682,1.6,0.1,1.7,0.087,-1.3,-1.3,-2.6,-0.2,2296274.0,2.3
gilleco01,Collin Gillespie,PHO,PG,26.0,80,58.0,28.5,12.7,4.1,4.6,1.2,0.2,1.6,0.418,0.401,0.874,2282.0,15.3,0.575,3.6,2.5,6.2,0.13,1.9,0.6,2.5,2.6,2296274.0,2.3
goberru01,Rudy Gobert,MIN,C,33.0,76,76.0,31.3,10.9,11.5,1.7,0.8,1.6,1.4,0.682,0.0,0.526,2380.0,17.5,0.664,4.8,4.0,8.7,0.176,0.0,0.9,1.0,1.8,35000000.0,35.0
gonzahu01,Hugo González,BOS,SF,19.0,74,3.0,14.6,3.9,3.3,0.5,0.6,0.3,0.5,0.476,0.362,0.5,1084.0,10.2,0.561,0.5,1.7,2.2,0.099,-3.1,1.6,-1.5,0.1,2783880.0,2.78
goodwjo01,Jordan Goodwin,PHO,PG,27.0,70,10.0,22.5,8.7,4.9,2.2,1.5,0.2,1.0,0.413,0.371,0.696,1572.0,14.7,0.525,1.5,2.4,3.9,0.118,0.3,1.5,1.8,1.5,2349578.0,2.35
gordoaa01,Aaron Gordon,DEN,PF,30.0,36,33.0,27.9,16.2,5.8,2.7,0.6,0.3,1.1,0.497,0.389,0.767,1005.0,18.5,0.62,2.4,0.7,3.2,0.153,2.9,-1.2,1.7,0.9,22841455.0,22.84
grantje01,Jerami Grant,POR,PF,31.0,57,38.0,29.7,18.6,3.5,2.1,0.7,0.6,2.1,0.453,0.389,0.814,1695.0,15.4,0.608,2.6,1.4,4.0,0.114,0.9,-0.9,0.0,0.9,32000001.0,32.0
greenaj01,A.J. Green,MIL,SG,26.0,78,68.0,29.1,10.4,2.7,1.9,0.5,0.1,1.0,0.424,0.419,0.855,2270.0,9.4,0.627,2.0,0.4,2.4,0.05,-1.5,-1.8,-3.3,-0.8,2301587.0,2.3
greendr01,Draymond Green,GSW,PF,35.0,68,68.0,27.5,8.4,5.5,5.5,0.9,0.6,2.7,0.418,0.326,0.702,1869.0,10.4,0.54,-0.4,2.1,1.7,0.044,-2.4,1.0,-1.4,0.3,25892857.0,25.89
greenja02,Javonte Green,DET,SG,32.0,82,6.0,17.6,6.9,2.8,0.7,1.2,0.3,0.5,0.447,0.381,0.84,1446.0,14.1,0.607,2.0,2.7,4.7,0.156,-0.3,2.4,2.1,1.5,2296274.0,2.3
greenja05,Jalen Green,PHO,SG,23.0,32,27.0,25.9,17.8,3.6,2.8,1.1,0.3,2.3,0.422,0.313,0.747,828.0,14.8,0.516,-0.6,1.0,0.3,0.019,-0.2,-0.9,-1.1,0.2,33584499.0,33.58
greenje02,Jeff Green,HOU,PF,39.0,30,0.0,5.8,2.2,0.8,0.3,0.1,0.1,0.1,0.368,0.273,1.0,175.0,8.5,0.477,0.1,0.1,0.2,0.054,-3.4,-2.2,-5.6,-0.2,2296274.0,2.3
greenjo02,Josh Green,CHO,SG,25.0,58,0.0,15.7,4.3,1.8,0.8,0.6,0.1,0.6,0.459,0.42,0.893,908.0,9.7,0.644,1.0,0.9,1.9,0.099,-1.7,1.0,-0.7,0.3,13666667.0,13.67
grimequ01,Quentin Grimes,PHI,SG,25.0,75,19.0,29.4,13.4,3.6,3.3,0.9,0.4,1.8,0.45,0.334,0.84,2206.0,12.9,0.585,1.9,1.7,3.6,0.078,-0.9,-0.6,-1.6,0.2,8741209.0,8.74
gueyemo02,Mouhamed Gueye,ATL,PF,23.0,77,8.0,15.3,4.4,3.6,0.9,0.8,0.5,0.4,0.452,0.308,0.645,1179.0,12.0,0.539,0.9,1.8,2.7,0.11,-2.6,1.3,-1.3,0.2,2221677.0,2.22
hachiru01,Rui Hachimura,LAL,PF,27.0,68,41.0,28.3,11.5,3.3,0.8,0.6,0.3,0.6,0.514,0.443,0.694,1927.0,11.6,0.62,2.1,1.1,3.2,0.08,-0.8,-1.5,-2.2,-0.1,18259259.0,18.26
hardati02,Tim Hardaway Jr.,DEN,SG,33.0,80,6.0,26.6,13.5,2.6,1.4,0.5,0.1,0.5,0.447,0.407,0.811,2127.0,13.5,0.624,3.5,1.0,4.4,0.1,1.3,-1.9,-0.7,0.7,2296274.0,2.3
harpedy01,Dylan Harper,SAS,SG,19.0,69,4.0,22.6,11.8,3.4,3.9,0.8,0.3,1.4,0.505,0.343,0.756,1558.0,16.2,0.574,2.0,2.2,4.2,0.13,0.3,1.1,1.4,1.3,12370320.0,12.37
harriga01,Gary Harris,MIL,SG,31.0,48,2.0,13.8,2.7,1.3,1.1,0.6,0.2,0.4,0.442,0.412,0.889,661.0,8.0,0.593,0.4,0.3,0.7,0.054,-3.2,0.7,-2.5,-0.1,3634153.0,3.63
harrito02,Tobias Harris,DET,PF,33.0,63,63.0,27.7,13.3,5.1,2.5,0.9,0.4,1.0,0.469,0.368,0.866,1746.0,15.0,0.574,2.6,2.7,5.3,0.145,0.6,0.8,1.4,1.5,26634146.0,26.63
harteis01,Isaiah Hartenstein,OKC,C,27.0,47,46.0,24.2,9.2,9.4,3.5,1.0,0.8,1.7,0.622,0.0,0.61,1137.0,19.8,0.631,2.5,2.8,5.3,0.223,1.0,3.2,4.2,1.8,28500000.0,28.5
hartjo01,Josh Hart,NYK,SF,30.0,66,52.0,30.2,12.0,7.4,4.8,1.1,0.3,1.9,0.508,0.413,0.72,1994.0,15.7,0.612,3.1,3.0,6.1,0.147,1.0,2.0,3.0,2.5,19472240.0,19.47
hausesa01,Sam Hauser,BOS,PF,28.0,78,49.0,24.8,9.2,3.8,1.5,0.5,0.3,0.4,0.419,0.393,0.85,1934.0,11.9,0.59,2.9,2.1,5.0,0.124,0.6,0.0,0.6,1.3,10044644.0,10.04
hawkijo01,Jordan Hawkins,NOP,SG,23.0,51,1.0,13.6,5.1,1.7,0.8,0.3,0.2,0.7,0.366,0.348,0.852,692.0,7.6,0.48,-0.6,0.2,-0.4,-0.029,-3.2,-3.0,-6.2,-0.7,4741320.0,4.74
hayesja02,Jaxson Hayes,LAL,C,25.0,66,9.0,18.3,7.5,4.1,0.9,0.4,0.8,0.5,0.756,1.0,0.653,1207.0,18.3,0.758,3.8,1.2,5.0,0.199,0.8,0.4,1.2,1.0,3449323.0,3.45
hayeski01,Killian Hayes,SAC,PG,24.0,23,3.0,17.7,5.5,2.3,3.5,0.9,0.2,1.2,0.304,0.27,0.929,406.0,8.8,0.422,-0.5,0.2,-0.3,-0.031,-5.1,-0.9,-6.0,-0.4,263940.0,0.26
hayesni01,Nigel Hayes-Davis,PHO,SF,31.0,27,0.0,7.2,1.3,1.2,0.3,0.3,0.1,0.3,0.326,0.125,0.5,195.0,4.2,0.356,-0.3,0.2,-0.1,-0.023,-6.4,-0.8,-7.3,-0.3,2048494.0,2.05
hendesc01,Scoot Henderson,POR,PG,21.0,30,10.0,24.9,14.2,2.7,3.7,0.9,0.3,2.4,0.418,0.352,0.84,748.0,12.9,0.553,0.3,0.7,1.0,0.064,-1.7,-0.5,-2.2,0.0,10748040.0,10.75
herroty01,Tyler Herro,MIA,SG,26.0,33,28.0,31.3,20.5,4.8,4.1,0.7,0.4,1.9,0.48,0.378,0.917,1033.0,17.1,0.602,1.4,1.0,2.4,0.112,2.4,-0.4,2.0,1.1,31000000.0,31.0
holidaa01,Aaron Holiday,HOU,PG,29.0,57,1.0,13.7,5.5,1.0,1.1,0.5,0.1,0.7,0.417,0.394,0.854,781.0,10.1,0.578,0.7,0.7,1.4,0.088,-2.2,-0.2,-2.4,-0.1,2296274.0,2.3
holidjr01,Jrue Holiday,POR,PG,35.0,53,51.0,29.4,16.3,4.6,6.1,1.0,0.1,2.8,0.451,0.378,0.838,1560.0,16.4,0.573,2.1,1.5,3.6,0.109,2.4,-0.5,1.9,1.6,32400000.0,32.4
hollaro01,Ron Holland,DET,SF,20.0,78,5.0,19.9,8.2,4.0,1.2,1.2,0.3,1.2,0.432,0.253,0.805,1551.0,11.7,0.525,-0.1,2.9,2.8,0.087,-3.3,1.4,-2.0,0.0,8657280.0,8.66
holmeda01,DaRon Holmes,DEN,PF,23.0,25,6.0,8.4,3.7,1.4,0.6,0.0,0.2,0.5,0.508,0.444,0.786,210.0,13.4,0.692,0.3,0.1,0.4,0.103,0.7,-1.2,-0.5,0.1,3218760.0,3.22
holmgch01,Chet Holmgren,OKC,PF,23.0,69,69.0,28.9,17.1,8.9,1.7,0.6,1.9,1.6,0.557,0.362,0.792,1997.0,21.6,0.653,4.4,4.7,9.1,0.219,2.4,1.9,4.2,3.1,13731368.0,13.73
horfoal01,Al Horford,GSW,C,39.0,45,13.0,21.5,8.3,4.9,2.6,0.7,1.1,0.9,0.426,0.361,0.846,969.0,14.7,0.554,0.8,1.3,2.1,0.105,0.3,1.3,1.6,0.9,5685000.0,5.68
houstca01,Caleb Houstan,ATL,SF,23.0,18,0.0,4.2,2.3,0.6,0.2,0.1,0.1,0.2,0.538,0.524,1.0,75.0,16.4,0.769,0.2,0.1,0.2,0.16,1.6,-1.2,0.3,0.0,699440.0,0.7
howarje01,Jett Howard,ORL,SF,22.0,55,0.0,12.6,5.5,1.6,0.8,0.2,0.2,0.3,0.418,0.372,0.949,695.0,11.2,0.561,0.7,0.5,1.3,0.087,-0.8,-1.1,-1.8,0.0,5529720.0,5.53
huffja01,Jay Huff,IND,C,27.0,82,47.0,21.0,9.5,4.0,1.5,0.5,1.9,0.9,0.476,0.319,0.828,1719.0,15.2,0.598,1.3,1.9,3.2,0.089,-0.9,1.3,0.4,1.1,2349578.0,2.35
hukpoar01,Ariel Hukporti,NYK,C,23.0,54,5.0,9.2,2.2,2.9,0.5,0.2,0.5,0.6,0.563,0.25,0.788,498.0,11.9,0.619,0.4,0.8,1.2,0.115,-3.7,1.4,-2.3,0.0,1955377.0,1.96
hylanbo01,Bones Hyland,MIN,PG,25.0,71,3.0,16.6,8.5,1.8,2.6,0.6,0.2,1.0,0.453,0.388,0.78,1177.0,15.1,0.599,1.8,1.3,3.1,0.126,1.2,0.5,1.7,1.1,2296274.0,2.3
ighodos01,Oso Ighodaro,PHO,PF,23.0,82,24.0,22.0,6.5,5.1,2.3,0.9,0.7,1.2,0.653,0.0,0.453,1808.0,13.8,0.636,2.1,2.6,4.7,0.125,-2.2,2.3,0.1,0.9,1955377.0,1.96
inglejo01,Joe Ingles,MIN,SF,38.0,27,2.0,5.7,1.5,0.7,1.3,0.3,0.1,0.5,0.593,0.438,1.0,153.0,13.0,0.735,0.2,0.2,0.4,0.12,-1.2,1.4,0.2,0.1,2296274.0,2.3
ingrabr01,Brandon Ingram,TOR,SF,28.0,77,77.0,33.8,21.5,5.6,3.7,0.8,0.7,2.4,0.477,0.382,0.82,2604.0,16.3,0.573,1.5,3.1,4.6,0.084,1.0,-0.5,0.5,1.7,38095238.0,38.1
isaacjo01,Jonathan Isaac,ORL,PF,28.0,52,0.0,10.0,2.6,2.5,0.4,0.4,0.6,0.3,0.422,0.184,0.603,521.0,11.5,0.498,0.1,0.8,0.9,0.085,-2.9,1.3,-1.6,0.1,15000000.0,15.0
jacksan01,Andre Jackson Jr.,MIL,SG,24.0,48,1.0,8.5,2.4,1.5,0.9,0.4,0.1,0.6,0.328,0.25,0.625,408.0,6.8,0.425,-0.7,0.3,-0.4,-0.047,-5.7,-1.4,-7.1,-0.5,2221677.0,2.22
jacksgg01,GG Jackson II,MEM,PF,21.0,55,28.0,21.4,12.5,4.3,1.5,0.6,0.8,1.5,0.496,0.332,0.742,1178.0,15.6,0.591,0.4,0.9,1.3,0.052,0.0,-1.2,-1.2,0.2,2221677.0,2.22
jakucka01,Kasparas Jakučionis,MIA,PG,19.0,53,12.0,17.8,6.2,2.6,2.6,0.6,0.1,0.9,0.429,0.423,0.879,945.0,11.9,0.614,1.4,0.9,2.3,0.114,-1.0,0.6,-0.4,0.4,3658800.0,3.66
jamesbr02,Bronny James,LAL,SG,21.0,42,1.0,8.9,2.9,0.5,1.2,0.5,0.1,0.6,0.409,0.386,0.857,375.0,9.0,0.517,-0.2,0.3,0.1,0.018,-3.4,-0.9,-4.3,-0.2,1955377.0,1.96
jamesle01,LeBron James,LAL,SF,41.0,60,60.0,33.2,20.9,6.1,7.2,1.2,0.6,3.0,0.515,0.317,0.737,1989.0,20.8,0.594,3.4,2.1,5.4,0.131,3.3,0.2,3.5,2.8,52627153.0,52.63
jamessi01,Sion James,CHO,SG,23.0,82,19.0,22.5,5.4,3.5,2.0,0.6,0.2,0.8,0.371,0.352,0.837,1843.0,8.3,0.531,1.1,1.9,3.1,0.08,-3.0,1.1,-2.0,0.0,2296274.0,2.3
jaqueja01,Jaime Jaquez Jr.,MIA,SF,24.0,75,1.0,28.3,15.4,5.0,4.7,0.7,0.3,2.0,0.507,0.317,0.769,2121.0,15.7,0.57,2.2,2.0,4.2,0.094,0.3,-0.1,0.1,1.1,3861600.0,3.86
jenkida01,Daniss Jenkins,DET,PG,24.0,72,19.0,20.2,9.3,2.3,3.9,0.9,0.2,1.6,0.408,0.374,0.832,1455.0,13.4,0.525,0.9,2.0,2.9,0.095,-0.8,0.1,-0.7,0.5,3809524.0,3.81
jeromty01,Ty Jerome,MEM,SG,28.0,15,15.0,22.6,19.7,2.8,5.7,1.1,0.3,1.8,0.474,0.42,0.875,339.0,25.6,0.616,1.1,0.2,1.3,0.191,8.2,-0.6,7.7,0.8,8781000.0,8.78
joeis01,Isaiah Joe,OKC,SG,26.0,71,9.0,21.2,11.1,2.5,1.3,0.7,0.2,0.6,0.455,0.423,0.894,1507.0,15.5,0.657,3.2,2.4,5.5,0.176,2.0,0.5,2.5,1.7,12362338.0,12.36
johnsca02,Cameron Johnson,DEN,SF,29.0,54,54.0,30.5,12.2,3.8,2.4,0.7,0.4,0.9,0.48,0.43,0.839,1647.0,12.8,0.629,2.7,1.0,3.7,0.108,0.3,-0.9,-0.6,0.6,21057065.0,21.06
johnsja05,Jalen Johnson,ATL,SF,24.0,72,72.0,35.2,22.5,10.3,7.9,1.2,0.4,3.4,0.489,0.352,0.788,2532.0,20.4,0.581,3.6,3.9,7.5,0.141,2.8,1.4,4.2,4.0,30000000.0,30.0
johnske04,Keldon Johnson,SAS,SF,26.0,82,0.0,23.3,13.2,5.4,1.4,0.6,0.1,0.9,0.519,0.363,0.794,1911.0,17.3,0.613,3.9,2.6,6.4,0.161,1.2,-0.3,0.9,1.4,17500000.0,17.5
johnske10,Keshad Johnson,MIA,SF,24.0,32,0.0,8.8,4.3,1.9,0.3,0.5,0.3,0.4,0.49,0.295,0.724,280.0,15.2,0.582,0.3,0.4,0.6,0.11,-1.3,0.0,-1.3,0.1,1955377.0,1.96
johnstr03,Tre Johnson,WAS,SG,19.0,60,42.0,24.1,12.2,2.8,2.0,0.6,0.3,1.6,0.419,0.358,0.874,1443.0,10.6,0.535,-0.6,-0.1,-0.7,-0.024,-2.1,-2.9,-5.0,-1.1,8237640.0,8.24
jokicni01,Nikola Jokić,DEN,C,30.0,65,65.0,34.8,27.7,12.9,10.7,1.4,0.8,3.7,0.569,0.38,0.831,2265.0,32.3,0.67,11.5,3.4,14.9,0.316,10.1,4.1,14.2,9.2,55224526.0,55.22
jonesde02,Derrick Jones Jr.,LAC,SF,28.0,50,45.0,27.0,10.1,3.5,1.4,0.9,1.0,0.8,0.499,0.359,0.763,1350.0,13.3,0.6,1.7,1.1,2.8,0.1,-0.6,-0.1,-0.7,0.5,10000000.0,10.0
joneshe01,Herbert Jones,NOP,SF,27.0,56,56.0,28.4,8.9,3.4,2.8,1.6,0.5,1.3,0.383,0.309,0.806,1588.0,9.1,0.491,-0.4,1.1,0.7,0.022,-3.7,0.6,-3.1,-0.5,13937574.0,13.94
joneska03,Kam Jones,IND,SG,23.0,37,7.0,16.6,4.4,1.6,3.2,0.5,0.0,1.0,0.402,0.293,0.5,616.0,8.2,0.47,-0.2,0.2,0.0,0.002,-4.2,-1.9,-6.2,-0.6,1272870.0,1.27
jonessp01,Spencer Jones,DEN,SF,24.0,64,37.0,22.1,5.5,3.3,0.8,0.8,0.5,0.5,0.504,0.396,0.608,1417.0,9.3,0.619,1.5,1.2,2.6,0.089,-2.4,0.0,-2.4,-0.1,623967.0,0.62
jonestr01,Tre Jones,CHI,PG,26.0,65,41.0,27.0,14.1,3.1,5.4,1.2,0.2,1.4,0.553,0.315,0.841,1752.0,18.7,0.637,4.6,1.1,5.7,0.157,1.2,0.1,1.3,1.5,8000000.0,8.0
jordade01,DeAndre Jordan,NOP,C,37.0,12,7.0,16.6,4.4,6.3,0.9,0.3,0.8,0.8,0.656,,0.647,199.0,15.7,0.671,0.3,0.2,0.6,0.134,-0.4,0.2,-0.2,0.1,2269880.0,2.27
jovicni01,Nikola Jović,MIA,PF,22.0,47,1.0,17.2,7.3,3.3,2.2,0.6,0.4,1.4,0.366,0.269,0.683,808.0,9.5,0.48,-0.9,1.0,0.0,0.001,-3.5,-0.1,-3.5,-0.3,4445417.0,4.45
kalkbry01,Ryan Kalkbrenner,CHO,C,24.0,69,31.0,21.4,7.6,5.5,0.8,0.5,1.5,0.9,0.753,0.0,0.716,1479.0,17.9,0.762,3.6,2.1,5.7,0.185,0.5,1.3,1.8,1.4,2296274.0,2.3
klebima01,Maxi Kleber,LAL,PF,34.0,43,1.0,10.7,2.0,2.0,0.6,0.4,0.3,0.4,0.452,0.231,0.538,461.0,8.1,0.509,0.2,0.4,0.6,0.063,-4.2,0.3,-3.9,-0.2,11000000.0,11.0
klintbo01,Bobi Klintman,DET,SF,22.0,12,0.0,5.9,1.8,1.6,0.5,0.3,0.0,0.5,0.333,0.308,0.0,71.0,4.5,0.388,-0.2,0.1,-0.1,-0.043,-7.7,-1.0,-8.7,-0.1,1955377.0,1.96
knechda01,Dalton Knecht,LAL,SF,24.0,54,1.0,10.2,4.2,1.4,0.4,0.2,0.2,0.4,0.455,0.342,0.727,553.0,10.1,0.568,0.1,0.4,0.4,0.038,-2.1,-1.6,-3.6,-0.2,4010160.0,4.01
knuepko01,Kon Knueppel,CHO,SF,20.0,81,80.0,31.5,18.5,5.3,3.4,0.7,0.2,2.0,0.475,0.425,0.863,2551.0,17.1,0.633,5.6,2.5,8.0,0.151,3.1,-0.4,2.8,3.1,10015680.0,10.02
kolekty01,Tyler Kolek,NYK,PG,24.0,62,1.0,11.7,4.4,1.6,2.7,0.4,0.1,0.9,0.435,0.386,0.7,727.0,12.5,0.533,0.6,0.8,1.4,0.093,-0.8,0.2,-0.6,0.3,2191897.0,2.19
konanya01,Yanic Konan Niederhäuser,LAC,C,22.0,41,0.0,10.3,4.3,2.9,0.3,0.1,0.7,0.6,0.64,0.2,0.758,424.0,16.4,0.691,0.8,0.5,1.3,0.152,-2.6,0.4,-2.2,0.0,2743800.0,2.74
kornelu01,Luke Kornet,SAS,C,30.0,68,25.0,21.0,6.5,6.1,1.9,0.5,1.0,0.4,0.643,,0.825,1430.0,17.9,0.689,4.6,2.3,6.9,0.231,1.6,2.1,3.6,2.0,11000000.0,11.0
kuzmaky01,Kyle Kuzma,MIL,PF,30.0,69,43.0,26.2,13.0,4.5,2.7,0.7,0.4,1.7,0.492,0.347,0.726,1806.0,14.1,0.581,0.9,1.0,1.9,0.051,-1.0,-1.3,-2.3,-0.1,22410605.0,22.41
laniech01,Chaz Lanier,DET,SG,24.0,34,0.0,7.7,2.4,0.7,0.5,0.2,0.0,0.1,0.315,0.284,0.833,262.0,6.6,0.436,0.0,0.3,0.3,0.046,-3.8,-1.3,-5.1,-0.2,1372870.0,1.37
laravja01,Jake LaRavia,LAL,PF,24.0,82,43.0,25.1,8.2,4.0,1.8,1.3,0.5,1.1,0.459,0.321,0.763,2061.0,11.9,0.571,1.7,2.1,3.8,0.089,-1.6,0.5,-1.2,0.4,6000000.0,6.0
larsspe01,Pelle Larsson,MIA,SG,24.0,70,54.0,26.4,11.4,3.5,3.4,0.7,0.2,1.4,0.496,0.323,0.797,1849.0,13.1,0.605,2.6,1.5,4.1,0.106,-1.2,0.0,-1.2,0.4,1955377.0,1.96
lavinza01,Zach LaVine,SAC,SG,30.0,39,37.0,31.4,19.2,2.8,2.3,0.7,0.3,1.9,0.479,0.39,0.88,1224.0,14.7,0.614,1.3,0.0,1.3,0.051,0.6,-2.2,-1.5,0.2,47499660.0,47.5
leonaka01,Kawhi Leonard,LAC,SF,34.0,65,65.0,32.1,27.9,6.4,3.6,1.9,0.4,2.0,0.505,0.387,0.892,2085.0,27.9,0.629,6.5,2.7,9.2,0.212,7.4,0.6,8.0,5.3,50000000.0,50.0
leverca01,Caris LeVert,DET,SG,31.0,60,0.0,19.2,7.4,2.0,2.7,0.9,0.7,1.4,0.417,0.333,0.679,1154.0,10.9,0.518,-0.2,1.8,1.6,0.066,-1.8,1.5,-0.4,0.5,14104000.0,14.1
liddeej01,E.J. Liddell,BRK,PF,25.0,26,5.0,13.4,5.7,2.7,0.9,0.2,0.4,0.6,0.486,0.346,0.808,349.0,12.6,0.6,0.3,0.2,0.5,0.074,-2.2,-1.2,-3.3,-0.1,706898.0,0.71
looneke01,Kevon Looney,NOP,C,29.0,21,8.0,14.7,2.8,5.6,1.6,0.4,0.5,0.4,0.417,0.154,0.7,308.0,13.6,0.458,0.4,0.3,0.7,0.109,-1.2,-0.6,-1.8,0.0,8000000.0,8.0
lopezbr01,Brook Lopez,LAC,C,37.0,75,40.0,21.8,8.5,3.6,1.3,0.6,1.2,0.8,0.428,0.36,0.757,1635.0,12.3,0.552,0.5,1.8,2.3,0.068,-1.3,0.4,-0.9,0.5,8750000.0,8.75
loveke01,Kevin Love,UTA,PF,37.0,37,5.0,16.6,6.7,5.8,1.8,0.4,0.2,0.8,0.397,0.373,0.841,613.0,14.7,0.568,0.8,0.3,1.1,0.088,1.1,-0.9,0.2,0.3,4150000.0,4.15
lowryky01,Kyle Lowry,PHI,PG,39.0,14,0.0,8.4,1.2,0.6,0.8,0.1,0.1,0.3,0.16,0.16,0.833,118.0,1.4,0.308,-0.2,0.1,-0.2,-0.062,-8.2,-2.2,-10.4,-0.3,2296274.0,2.3
maluakh01,Khaman Maluach,PHO,C,19.0,46,1.0,8.9,3.0,2.9,0.1,0.1,0.7,0.5,0.533,0.238,0.71,411.0,14.0,0.586,0.2,0.6,0.8,0.099,-3.7,0.0,-3.7,-0.2,6016080.0,6.02
mamuksa01,Sandro Mamukelashvili,TOR,C,26.0,80,13.0,21.9,11.2,4.9,1.9,0.8,0.5,0.8,0.523,0.389,0.747,1751.0,18.1,0.637,3.6,2.5,6.2,0.169,2.1,0.7,2.8,2.1,2461463.0,2.46
mannte01,Terance Mann,BRK,SG,29.0,63,51.0,24.3,7.2,3.2,3.0,0.7,0.2,1.1,0.457,0.364,0.788,1529.0,10.2,0.564,1.2,0.6,1.8,0.056,-2.7,-0.7,-3.4,-0.6,15500000.0,15.5
manntr01,Tre Mann,CHO,PG,24.0,53,1.0,12.6,5.5,1.7,1.6,0.5,0.1,1.0,0.36,0.323,0.852,669.0,8.3,0.462,-0.8,0.7,0.0,-0.003,-4.5,-0.8,-5.3,-0.5,8000000.0,8.0
markkla01,Lauri Markkanen,UTA,PF,28.0,42,42.0,34.4,26.7,6.9,2.1,1.0,0.5,1.5,0.477,0.355,0.896,1443.0,21.1,0.608,3.2,0.3,3.5,0.118,4.6,-2.0,2.6,1.6,46394100.0,46.39
marshna01,Naji Marshall,DAL,SF,28.0,74,47.0,29.5,15.2,4.7,3.3,1.1,0.1,1.6,0.51,0.291,0.76,2184.0,15.4,0.592,2.5,1.8,4.3,0.095,-0.7,0.1,-0.6,0.8,9000000.0,9.0
martica02,Caleb Martin,DAL,SF,30.0,58,12.0,14.8,3.9,2.5,1.4,0.7,0.3,0.7,0.45,0.351,0.607,856.0,9.3,0.526,-0.1,0.9,0.9,0.048,-4.0,1.7,-2.2,0.0,9594044.0,9.59
mathega01,Garrison Mathews,IND,SG,29.0,15,1.0,13.1,5.2,1.1,0.7,0.4,0.2,0.2,0.404,0.37,0.826,196.0,11.2,0.628,0.3,0.1,0.4,0.097,-1.3,0.0,-1.3,0.0,429325.0,0.43
matkoka01,Karlo Matković,NOP,PF,24.0,62,2.0,14.7,5.7,3.7,0.8,0.4,0.9,0.5,0.604,0.422,0.732,912.0,16.5,0.696,1.8,0.9,2.7,0.141,0.2,0.4,0.7,0.6,1955377.0,1.96
maxeyty01,Tyrese Maxey,PHI,PG,25.0,70,70.0,38.0,28.3,4.1,6.6,1.9,0.8,2.4,0.462,0.367,0.892,2661.0,21.9,0.588,5.9,2.8,8.7,0.156,5.0,0.5,5.4,4.9,37958760.0,37.96
mcbrimi01,Miles McBride,NYK,SG,25.0,41,15.0,26.3,12.0,2.4,2.6,0.9,0.2,0.8,0.423,0.413,0.787,1080.0,13.1,0.578,1.6,1.1,2.7,0.119,1.0,0.2,1.2,0.9,4333333.0,4.33
mccontj01,T.J. McConnell,IND,PG,33.0,56,4.0,17.2,9.4,2.2,5.1,1.0,0.2,1.1,0.538,0.32,0.862,963.0,20.5,0.567,1.8,0.8,2.6,0.132,2.1,0.4,2.5,1.1,10200000.0,10.2
mcdanja02,Jaden McDaniels,MIN,PF,25.0,73,73.0,31.7,14.8,4.2,2.7,1.1,1.0,1.8,0.515,0.412,0.835,2316.0,14.0,0.611,2.5,2.7,5.2,0.109,-0.9,0.6,-0.3,1.0,24393104.0,24.39
mcderdo01,Doug McDermott,SAC,SF,34.0,29,0.0,15.1,5.7,1.3,0.8,0.2,0.1,0.4,0.388,0.39,0.889,439.0,8.6,0.574,0.2,-0.1,0.2,0.018,-1.4,-3.0,-4.4,-0.3,2296274.0,2.3
mcgowbr01,Bryce McGowens,NOP,SG,23.0,42,13.0,21.0,8.1,2.1,1.5,0.6,0.2,0.4,0.481,0.409,0.779,880.0,11.7,0.61,1.4,0.3,1.7,0.095,-2.0,-0.9,-2.8,-0.2,724598.0,0.72
mclaujo01,Jordan McLaughlin,SAS,PG,29.0,44,0.0,6.4,2.0,0.7,0.9,0.5,0.0,0.3,0.418,0.425,0.857,282.0,12.0,0.542,0.1,0.5,0.6,0.1,-1.9,2.5,0.6,0.2,2296274.0,2.3
mcneeli01,Liam McNeeley,CHO,SF,20.0,31,0.0,11.9,4.3,2.4,0.8,0.2,0.1,0.4,0.4,0.4,0.821,368.0,10.6,0.588,0.5,0.4,0.9,0.112,-1.3,0.0,-1.3,0.1,2763960.0,2.76
meltode01,De'Anthony Melton,GSW,PG,27.0,49,24.0,23.0,12.3,3.2,2.6,1.6,0.4,1.9,0.407,0.294,0.826,1125.0,13.4,0.518,-0.7,1.5,0.7,0.031,-2.6,0.1,-2.5,-0.1,3080921.0,3.08
merrisa01,Sam Merrill,CLE,SG,29.0,52,38.0,26.5,12.8,2.6,2.4,0.6,0.1,0.8,0.461,0.421,0.855,1377.0,13.6,0.644,2.8,0.9,3.7,0.127,1.0,-1.0,0.1,0.7,8482144.0,8.48
millebr02,Brandon Miller,CHO,SF,23.0,65,65.0,30.3,20.2,4.9,3.3,1.0,0.7,2.5,0.435,0.383,0.892,1968.0,16.8,0.574,2.1,2.4,4.5,0.109,1.7,-0.1,1.6,1.8,11968800.0,11.97
millejo02,Jordan Miller,LAC,SF,26.0,60,1.0,22.1,10.0,3.0,2.3,0.8,0.2,1.1,0.531,0.345,0.777,1325.0,15.9,0.628,2.5,1.0,3.5,0.125,0.6,-0.4,0.2,0.8,712637.0,0.71
missiyv01,Yves Missi,NOP,C,21.0,66,14.0,19.7,5.7,5.8,1.3,0.3,1.5,0.8,0.544,0.0,0.559,1297.0,15.0,0.556,1.6,1.1,2.7,0.098,-1.4,-0.3,-1.7,0.1,3353040.0,3.35
mitchaj01,Ajay Mitchell,OKC,SG,23.0,57,16.0,25.8,13.6,3.3,3.6,1.2,0.3,1.4,0.485,0.347,0.87,1473.0,16.8,0.585,2.2,2.6,4.8,0.156,0.3,1.6,1.9,1.4,3000000.0,3.0
mitchda01,Davion Mitchell,MIA,PG,27.0,70,70.0,28.6,9.3,2.7,6.5,1.0,0.2,1.5,0.49,0.395,0.646,2000.0,12.1,0.582,2.6,1.7,4.3,0.104,-1.3,0.4,-0.9,0.6,11600000.0,11.6
mitchdo01,Donovan Mitchell,CLE,SG,29.0,70,70.0,33.5,27.9,4.5,5.7,1.5,0.3,2.8,0.483,0.364,0.865,2342.0,22.9,0.613,5.8,2.4,8.2,0.169,5.2,-0.2,5.1,4.2,46394100.0,46.39
mobleev01,Evan Mobley,CLE,PF,24.0,65,63.0,31.9,18.2,9.0,3.6,0.7,1.7,1.9,0.546,0.297,0.606,2074.0,20.0,0.596,3.6,2.9,6.5,0.15,1.8,1.2,3.0,2.6,46394100.0,46.39
mogbojo01,Jonathan Mogbo,TOR,PF,24.0,40,0.0,6.2,1.5,1.7,0.6,0.3,0.2,0.4,0.591,0.0,0.643,249.0,12.8,0.608,0.2,0.4,0.6,0.12,-2.6,1.9,-0.7,0.1,1955377.0,1.96
monkma01,Malik Monk,SAC,SG,27.0,62,3.0,22.0,12.5,1.9,3.0,0.6,0.4,1.5,0.438,0.395,0.879,1364.0,14.2,0.568,0.8,0.2,1.0,0.034,0.8,-2.1,-1.3,0.2,18797619.0,18.8
moodymo01,Moses Moody,GSW,SG,23.0,60,49.0,25.7,12.1,3.3,1.6,1.0,0.6,1.0,0.44,0.401,0.77,1540.0,13.5,0.6,1.7,1.4,3.1,0.096,0.2,-0.3,-0.1,0.7,11574075.0,11.57
moranja01,Ja Morant,MEM,PG,26.0,20,20.0,28.5,19.5,3.3,8.1,1.0,0.3,3.6,0.41,0.235,0.897,569.0,16.6,0.521,0.0,0.3,0.3,0.024,0.5,-2.0,-1.5,0.1,39446090.0,39.45
murphtr02,Trey Murphy III,NOP,SF,25.0,66,66.0,35.5,21.5,5.7,3.8,1.5,0.4,1.8,0.47,0.379,0.886,2341.0,18.3,0.613,4.5,1.6,6.0,0.123,3.0,-0.6,2.4,2.6,25000000.0,25.0
murraco01,Collin Murray-Boyles,TOR,PF,20.0,57,22.0,21.9,8.5,5.0,1.9,0.9,0.9,1.0,0.579,0.34,0.657,1246.0,16.4,0.621,2.1,1.9,4.0,0.154,-0.5,1.5,1.0,1.0,6332520.0,6.33
murrade01,Dejounte Murray,NOP,PG,29.0,14,14.0,27.8,16.7,5.4,6.4,1.6,0.2,3.4,0.484,0.306,0.867,389.0,18.1,0.58,0.2,0.4,0.6,0.072,0.8,0.5,1.4,0.3,30801103.0,30.8
murraja01,Jamal Murray,DEN,PG,28.0,75,75.0,35.4,25.4,4.4,7.1,0.9,0.4,2.3,0.483,0.435,0.887,2652.0,21.8,0.622,7.8,1.7,9.5,0.173,5.5,-1.4,4.1,4.1,46394100.0,46.39
murrake02,Keegan Murray,SAC,PF,25.0,23,22.0,34.5,14.0,5.7,1.7,1.0,1.6,1.2,0.42,0.277,0.776,793.0,11.7,0.499,-0.2,0.4,0.2,0.011,-2.0,-1.0,-3.1,-0.2,11144093.0,11.14
murrakr01,Kris Murray,POR,SF,25.0,57,15.0,23.4,5.8,3.6,1.4,0.9,0.4,0.8,0.467,0.279,0.684,1333.0,9.6,0.55,0.9,1.3,2.2,0.079,-2.3,0.8,-1.5,0.2,3132000.0,3.13
mykhasv01,Svi Mykhailiuk,UTA,SF,28.0,50,41.0,23.1,9.4,2.5,1.9,0.5,0.1,0.8,0.478,0.408,0.893,1156.0,11.4,0.626,1.3,-0.2,1.1,0.048,0.3,-2.0,-1.7,0.1,3675000.0,3.68
nancela02,Larry Nance Jr.,CLE,PF,33.0,35,3.0,12.8,3.7,2.7,1.0,0.6,0.2,0.6,0.419,0.333,0.462,449.0,9.5,0.505,0.0,0.5,0.6,0.06,-3.9,0.5,-3.4,-0.2,2296274.0,2.3
nembhan01,Andrew Nembhard,IND,PG,26.0,57,57.0,31.3,16.9,2.8,7.7,0.9,0.1,2.4,0.442,0.361,0.825,1786.0,15.7,0.564,2.2,0.7,2.8,0.077,1.1,-1.9,-0.8,0.6,18102000.0,18.1
nesmiaa01,Aaron Nesmith,IND,SF,26.0,45,42.0,29.7,13.8,4.2,1.9,0.6,0.5,1.4,0.414,0.379,0.829,1335.0,10.8,0.554,0.1,0.6,0.7,0.026,-1.7,-1.6,-3.4,-0.5,11000000.0,11.0
newelas01,Asa Newell,ATL,PF,20.0,44,2.0,11.4,5.2,2.2,0.6,0.4,0.3,0.5,0.538,0.387,0.552,500.0,14.2,0.624,0.6,0.6,1.2,0.113,-1.0,-0.5,-1.5,0.1,3237480.0,3.24
nnajize01,Zeke Nnaji,DEN,PF,25.0,52,4.0,12.0,3.7,2.6,0.6,0.3,0.5,0.5,0.47,0.259,0.773,626.0,10.3,0.558,0.2,0.7,0.9,0.066,-3.6,0.0,-3.5,-0.3,8177778.0,8.18
nurkiju01,Jusuf Nurkić,UTA,C,31.0,41,36.0,26.4,10.9,10.4,4.8,1.3,0.5,2.5,0.503,0.352,0.549,1083.0,16.4,0.548,0.4,1.1,1.5,0.068,-0.5,1.6,1.1,0.9,19375000.0,19.38
okogijo01,Josh Okogie,HOU,SG,27.0,78,32.0,17.4,4.5,2.6,0.9,0.8,0.2,0.5,0.425,0.385,0.594,1354.0,9.9,0.544,1.1,1.6,2.7,0.095,-2.3,1.1,-1.2,0.3,2296274.0,2.3
okongon01,Onyeka Okongwu,ATL,C,25.0,74,63.0,31.0,15.2,7.6,3.1,1.1,1.1,1.7,0.48,0.376,0.757,2297.0,15.9,0.592,2.6,3.3,6.0,0.125,-0.1,0.8,0.7,1.6,15000000.0,15.0
okorois01,Isaac Okoro,CHI,SG,25.0,63,62.0,26.9,9.3,2.7,1.6,0.7,0.5,0.7,0.46,0.33,0.795,1695.0,9.8,0.574,1.4,0.7,2.2,0.061,-3.0,-0.8,-3.8,-0.8,11000000.0,11.0
olynyke01,Kelly Olynyk,SAS,C,34.0,42,0.0,8.6,3.2,1.8,1.2,0.4,0.1,0.6,0.49,0.255,0.711,360.0,13.5,0.59,0.4,0.6,1.0,0.13,-1.3,1.3,-0.1,0.2,13445122.0,13.45
onealro01,Royce O'Neale,PHO,SF,32.0,78,67.0,28.4,9.8,4.8,2.7,1.1,0.4,1.3,0.421,0.408,0.711,2213.0,11.6,0.596,1.9,2.7,4.6,0.1,-0.3,1.0,0.7,1.5,10125000.0,10.12
oubreke01,Kelly Oubre Jr.,PHI,SF,30.0,50,41.0,31.5,14.1,5.0,1.6,1.4,0.5,1.4,0.467,0.36,0.766,1574.0,13.0,0.58,1.1,1.6,2.7,0.083,-1.3,-0.1,-1.4,0.2,8382150.0,8.38
paulch01,Chris Paul,LAC,PG,40.0,16,0.0,14.3,2.9,1.8,3.3,0.7,0.0,1.0,0.321,0.333,0.5,228.0,8.1,0.413,-0.1,0.2,0.1,0.017,-4.0,-0.2,-4.2,-0.1,2296274.0,2.3
payneca01,Cameron Payne,PHI,PG,31.0,22,1.0,17.0,7.4,2.0,2.6,1.1,0.3,0.5,0.376,0.33,0.864,374.0,14.4,0.514,0.4,0.5,0.8,0.106,-0.7,1.0,0.3,0.2,712637.0,0.71
paytoga02,Gary Payton II,GSW,SG,33.0,73,1.0,15.6,7.5,3.6,1.7,0.9,0.3,0.8,0.583,0.291,0.65,1142.0,18.3,0.632,2.0,1.5,3.5,0.149,0.7,1.3,1.9,1.1,2296274.0,2.3
peavymi01,Micah Peavy,NOP,SG,24.0,61,4.0,15.0,4.3,1.9,1.0,0.7,0.1,0.3,0.385,0.259,0.759,913.0,8.3,0.455,-0.1,0.5,0.4,0.02,-4.4,-0.8,-5.2,-0.7,1272870.0,1.27
pendano01,Noah Penda,ORL,SF,21.0,59,2.0,12.8,3.8,3.2,1.2,0.5,0.3,0.7,0.404,0.323,0.688,757.0,11.3,0.506,0.1,1.0,1.1,0.07,-2.0,0.6,-1.5,0.1,1272870.0,1.27
pickeja02,Jalen Pickett,DEN,SG,26.0,50,18.0,16.1,5.2,2.3,2.3,0.3,0.1,0.7,0.422,0.386,0.789,807.0,10.3,0.541,0.6,0.4,1.0,0.059,-1.1,-1.1,-2.3,-0.1,2221677.0,2.22
pippesc02,Scotty Pippen Jr.,MEM,PG,25.0,10,6.0,21.2,11.4,2.2,4.7,1.9,0.4,2.7,0.448,0.313,0.783,212.0,14.7,0.537,-0.1,0.2,0.1,0.025,-2.5,-0.3,-2.8,0.0,2270735.0,2.27
podzibr01,Brandin Podziemski,GSW,SG,22.0,82,43.0,28.5,13.8,5.1,3.7,1.1,0.2,1.6,0.455,0.371,0.797,2333.0,15.0,0.583,2.8,2.3,5.1,0.105,0.3,-0.1,0.2,1.3,3687960.0,3.69
poeltja01,Jakob Poeltl,TOR,C,30.0,46,44.0,25.0,10.7,7.0,2.0,0.9,0.7,1.2,0.7,,0.602,1149.0,18.1,0.698,2.6,1.8,4.3,0.18,0.2,1.4,1.6,1.0,19500000.0,19.5
poolejo01,Jordan Poole,NOP,PG,26.0,39,8.0,23.9,13.4,2.0,3.1,0.6,0.4,1.8,0.372,0.333,0.86,933.0,11.5,0.53,0.0,0.2,0.2,0.01,-1.0,-2.6,-3.5,-0.4,31848215.0,31.85
portecr01,Craig Porter Jr.,CLE,PG,25.0,64,3.0,17.9,4.5,3.4,3.2,0.9,0.6,0.9,0.45,0.355,0.6,1148.0,13.7,0.524,1.3,1.5,2.8,0.116,0.0,1.9,2.0,1.2,2221677.0,2.22
porteke02,Kevin Porter Jr.,MIL,PG,25.0,38,36.0,33.2,17.4,5.2,7.4,2.2,0.5,2.9,0.465,0.322,0.878,1261.0,18.7,0.567,1.5,1.3,2.8,0.106,0.8,1.2,2.1,1.3,5134000.0,5.13
portemi01,Michael Porter Jr.,BRK,SF,27.0,52,52.0,32.5,24.2,7.1,3.0,1.1,0.3,2.3,0.463,0.363,0.859,1689.0,19.9,0.595,1.7,1.3,2.9,0.083,4.2,-1.2,3.0,2.1,38333050.0,38.33
portibo01,Bobby Portis,MIL,PF,30.0,67,9.0,24.2,13.7,6.4,1.6,0.6,0.2,1.0,0.488,0.456,0.706,1619.0,17.1,0.587,1.6,1.2,2.8,0.083,1.5,-1.6,0.0,0.8,13445754.0,13.45
postqu01,Quinten Post,GSW,PF,25.0,67,35.0,17.3,7.7,4.0,1.4,0.4,0.5,0.8,0.44,0.336,0.791,1159.0,13.0,0.56,0.7,1.2,1.9,0.078,-1.0,-0.1,-1.1,0.3,1955377.0,1.96
pottemi01,Micah Potter,IND,C,27.0,47,7.0,19.3,9.7,5.0,1.5,0.5,0.3,1.0,0.515,0.423,0.842,908.0,17.0,0.679,1.8,0.7,2.6,0.135,1.5,-0.8,0.7,0.6,1527805.0,1.53
poweldr01,Drake Powell,BRK,SG,20.0,63,24.0,21.0,6.5,1.8,1.4,0.6,0.2,1.0,0.402,0.28,0.896,1320.0,7.3,0.521,-0.5,0.5,-0.1,-0.003,-4.6,-1.3,-6.0,-1.3,3372240.0,3.37
poweldw01,Dwight Powell,DAL,C,34.0,63,12.0,14.3,3.3,4.1,1.1,0.5,0.3,0.7,0.644,0.286,0.696,904.0,12.6,0.699,1.6,1.0,2.6,0.138,-2.9,1.5,-1.4,0.1,4000000.0,4.0
powelno01,Norman Powell,MIA,SG,32.0,58,52.0,29.6,21.7,3.5,2.5,1.1,0.2,1.9,0.47,0.38,0.827,1717.0,17.5,0.609,2.3,1.7,4.0,0.112,1.8,-0.3,1.6,1.5,20482758.0,20.48
princta02,Taurean Prince,MIL,SF,31.0,26,7.0,23.5,9.2,3.1,1.8,0.6,0.2,1.2,0.45,0.436,1.0,611.0,10.5,0.617,0.2,0.3,0.5,0.039,-1.3,-1.8,-3.1,-0.2,3303774.0,3.3
pritcpa01,Payton Pritchard,BOS,PG,28.0,79,50.0,32.4,17.0,3.9,5.2,0.7,0.1,1.4,0.464,0.377,0.89,2556.0,17.1,0.584,6.1,2.4,8.5,0.16,2.6,-0.3,2.3,2.8,7232143.0,7.23
proctty01,Tyrese Proctor,CLE,PG,21.0,50,1.0,10.9,5.4,1.3,1.5,0.5,0.0,0.8,0.413,0.351,0.889,545.0,12.2,0.556,0.2,0.5,0.7,0.066,-2.3,-0.5,-2.8,-0.1,1272870.0,1.27
prospol01,Olivier-Maxence Prosper,MEM,PF,23.0,53,24.0,18.6,10.0,3.5,1.0,0.8,0.2,0.9,0.549,0.405,0.754,984.0,16.9,0.662,1.8,0.7,2.4,0.119,1.1,-1.2,-0.1,0.5,1002360.0,1.0
queende01,Derik Queen,NOP,C,21.0,81,48.0,25.0,11.7,7.1,3.7,1.0,0.9,2.3,0.473,0.261,0.795,2023.0,15.9,0.546,0.4,2.3,2.7,0.063,-1.5,0.7,-0.8,0.6,5157960.0,5.16
quetane01,Neemias Queta,BOS,C,26.0,76,75.0,25.3,10.2,8.4,1.7,0.8,1.3,1.0,0.653,0.125,0.703,1926.0,20.3,0.674,5.4,3.6,9.0,0.224,0.9,2.0,2.8,2.4,2349578.0,2.35
quickim01,Immanuel Quickley,TOR,PG,26.0,70,70.0,31.9,16.4,4.0,5.9,1.3,0.1,1.5,0.443,0.374,0.821,2231.0,16.6,0.577,3.9,2.6,6.5,0.14,1.9,0.6,2.4,2.5,32500000.0,32.5
randlju01,Julius Randle,MIN,PF,31.0,79,79.0,33.0,21.1,6.7,5.0,1.1,0.2,2.7,0.481,0.315,0.802,2610.0,18.4,0.585,4.3,3.1,7.4,0.135,1.5,0.0,1.5,2.3,30864198.0,30.86
raynama01,Maxime Raynaud,SAC,C,22.0,74,56.0,26.5,12.5,7.5,1.4,0.5,0.5,1.3,0.571,0.324,0.786,1964.0,16.0,0.619,2.6,1.0,3.6,0.088,-0.9,-1.6,-2.4,-0.2,1272870.0,1.27
reathdu01,Duop Reath,POR,C,29.0,32,0.0,8.1,2.9,1.2,0.3,0.2,0.3,0.2,0.446,0.418,0.833,258.0,10.6,0.613,0.3,0.2,0.6,0.103,-0.9,0.0,-0.9,0.1,2221677.0,2.22
reaveau01,Austin Reaves,LAL,SG,27.0,51,45.0,34.5,23.3,4.7,5.5,1.1,0.4,3.0,0.49,0.36,0.871,1762.0,20.2,0.641,4.2,1.4,5.6,0.153,3.4,-0.6,2.8,2.1,13937574.0,13.94
reedpa01,Paul Reed,DET,C,26.0,65,11.0,13.9,7.8,4.5,1.2,0.9,0.9,0.9,0.617,0.325,0.664,901.0,24.2,0.65,2.4,2.1,4.5,0.239,2.4,2.9,5.3,1.6,5335894.0,5.34
reidna01,Naz Reid,MIN,C,26.0,77,3.0,26.1,13.6,6.2,2.2,1.0,1.0,1.6,0.456,0.362,0.732,2007.0,15.4,0.565,0.9,3.2,4.0,0.097,-0.1,1.0,0.9,1.5,21551724.0,21.55
richaja02,Jase Richardson,ORL,SG,20.0,54,0.0,10.9,4.4,1.2,1.1,0.4,0.0,0.5,0.473,0.354,0.717,587.0,11.5,0.574,0.5,0.5,1.0,0.082,-1.9,-0.7,-2.5,-0.1,2983320.0,2.98
richawi02,Will Richard,GSW,SG,23.0,69,21.0,20.0,6.4,2.5,1.3,1.2,0.1,0.8,0.468,0.335,0.852,1377.0,11.0,0.596,1.2,1.4,2.5,0.089,-2.5,0.9,-1.7,0.1,1272870.0,1.27
rileywi01,Will Riley,WAS,SF,19.0,74,18.0,22.1,10.3,2.9,2.0,0.7,0.1,1.3,0.439,0.316,0.8,1633.0,12.1,0.548,0.4,0.0,0.4,0.012,-1.9,-2.6,-4.5,-1.0,3512520.0,3.51
risacza01,Zaccharie Risacher,ATL,SF,20.0,67,46.0,22.4,9.6,3.8,1.1,0.9,0.5,0.9,0.455,0.368,0.644,1503.0,11.8,0.557,0.5,1.9,2.3,0.074,-2.3,-0.2,-2.5,-0.2,13197720.0,13.2
robindu01,Duncan Robinson,DET,SF,31.0,77,77.0,27.4,12.2,2.7,2.1,0.6,0.3,0.7,0.456,0.41,0.755,2113.0,12.4,0.629,3.8,2.3,6.1,0.139,0.9,-0.1,0.8,1.5,16834692.0,16.83
robinmi01,Mitchell Robinson,NYK,C,27.0,60,16.0,19.6,5.7,8.8,0.9,0.9,1.2,0.7,0.723,,0.408,1175.0,21.1,0.676,3.3,2.5,5.8,0.236,1.9,1.5,3.5,1.6,12954546.0,12.95
rolliry01,Ryan Rollins,MIL,PG,23.0,74,67.0,32.1,17.3,4.6,5.6,1.5,0.4,2.7,0.472,0.406,0.796,2376.0,16.2,0.583,1.7,1.8,3.4,0.069,0.7,-0.5,0.2,1.3,4000000.0,4.0
russeda01,D'Angelo Russell,DAL,PG,29.0,26,3.0,19.0,10.2,2.3,4.0,0.5,0.1,1.9,0.405,0.295,0.717,495.0,12.3,0.511,-0.3,0.3,0.0,-0.004,-0.7,-1.6,-2.3,0.0,5685000.0,5.68
sabondo01,Domantas Sabonis,SAC,C,29.0,19,15.0,29.7,15.8,11.4,4.1,0.9,0.2,2.7,0.543,0.185,0.727,564.0,19.2,0.59,0.7,0.4,1.1,0.095,0.7,-0.2,0.6,0.4,42336000.0,42.34
salauti01,Tidjane Salaün,CHO,PF,20.0,37,0.0,15.5,6.0,4.0,0.7,0.4,0.2,0.7,0.503,0.434,0.65,575.0,12.9,0.629,0.6,0.8,1.4,0.117,-1.2,0.4,-0.8,0.2,7863240.0,7.86
sandeko01,Kobe Sanders,LAC,SG,23.0,68,16.0,19.9,7.3,2.3,1.6,0.7,0.1,1.2,0.466,0.408,0.826,1351.0,10.0,0.597,0.4,1.0,1.4,0.051,-2.7,-0.2,-2.9,-0.3,475497.0,0.48
santogu01,Gui Santos,GSW,PF,23.0,68,30.0,20.5,9.2,3.9,2.3,0.9,0.3,1.5,0.5,0.351,0.725,1395.0,14.2,0.609,1.2,1.5,2.7,0.094,-0.9,0.3,-0.6,0.5,2221677.0,2.22
sarafbe01,Ben Saraf,BRK,SG,19.0,44,11.0,20.8,7.5,2.1,3.3,0.9,0.2,2.3,0.396,0.211,0.83,916.0,7.8,0.486,-1.6,0.5,-1.1,-0.057,-5.6,-1.7,-7.3,-1.2,2884560.0,2.88
sarral01,Alex Sarr,WAS,C,20.0,48,48.0,27.2,16.3,7.4,2.7,0.8,2.0,1.7,0.482,0.333,0.692,1305.0,19.4,0.544,0.7,0.9,1.6,0.059,0.8,-0.1,0.7,0.9,11808240.0,11.81
sassema01,Marcus Sasser,DET,PG,25.0,38,5.0,12.0,5.2,1.0,2.0,0.5,0.1,0.8,0.39,0.415,0.833,457.0,11.2,0.533,0.2,0.6,0.8,0.085,-1.6,-0.2,-1.7,0.0,2886720.0,2.89
scheiba01,Baylor Scheierman,BOS,SG,25.0,77,20.0,18.6,5.5,3.5,1.5,0.5,0.1,0.6,0.453,0.399,0.903,1429.0,11.6,0.616,2.1,1.8,3.8,0.129,-0.7,1.3,0.6,0.9,2619000.0,2.62
sengual01,Alperen Şengün,HOU,C,23.0,72,72.0,33.3,20.4,8.9,6.2,1.2,1.1,3.2,0.519,0.305,0.691,2398.0,21.4,0.569,4.4,3.6,8.0,0.161,2.7,1.5,4.2,3.7,33944954.0,33.94
sensabr01,Brice Sensabaugh,UTA,SF,22.0,75,22.0,23.5,14.9,3.1,1.9,0.7,0.2,1.7,0.46,0.367,0.826,1762.0,14.4,0.59,1.0,0.1,1.1,0.029,0.4,-3.0,-2.6,-0.3,2693760.0,2.69
shamela01,Landry Shamet,NYK,SG,28.0,51,12.0,23.0,9.3,1.8,1.4,0.6,0.2,0.6,0.437,0.392,0.711,1171.0,11.2,0.598,1.6,1.0,2.6,0.106,-0.4,0.1,-0.3,0.5,2296274.0,2.3
shannte01,Terrence Shannon Jr.,MIN,SG,25.0,43,2.0,12.5,5.6,1.1,0.9,0.3,0.0,0.6,0.45,0.408,0.8,538.0,11.1,0.597,0.6,0.4,1.0,0.09,-2.5,-1.1,-3.6,-0.2,2674080.0,2.67
sharpda01,Day'Ron Sharpe,BRK,C,24.0,62,7.0,18.7,8.7,6.7,2.3,1.1,0.4,1.7,0.601,0.231,0.678,1160.0,20.5,0.638,2.0,1.5,3.5,0.144,0.4,1.0,1.4,1.0,6250000.0,6.25
sharpsh01,Shaedon Sharpe,POR,SG,22.0,50,42.0,29.4,20.8,4.3,2.6,1.4,0.1,2.9,0.452,0.337,0.787,1471.0,15.3,0.546,-0.4,1.6,1.3,0.041,-0.4,-0.9,-1.4,0.2,8399983.0,8.4
sheadja01,Jamal Shead,TOR,PG,23.0,82,12.0,22.6,6.6,1.7,5.4,0.9,0.2,1.4,0.367,0.321,0.784,1852.0,10.5,0.491,0.8,2.0,2.7,0.07,-2.3,0.0,-2.3,-0.1,1955377.0,1.96
sheppbe01,Ben Sheppard,IND,SG,24.0,65,20.0,21.4,7.1,3.0,1.8,0.6,0.1,0.6,0.434,0.362,0.765,1390.0,9.7,0.561,0.8,0.7,1.4,0.05,-2.4,-0.6,-3.0,-0.4,2790720.0,2.79
sheppre01,Reed Sheppard,HOU,SG,21.0,82,21.0,26.2,13.5,2.9,3.4,1.5,0.7,1.5,0.43,0.394,0.802,2147.0,15.7,0.564,2.7,3.1,5.9,0.131,1.2,1.5,2.7,2.5,10603560.0,10.6
siakapa01,Pascal Siakam,IND,PF,31.0,62,62.0,33.2,24.0,6.6,3.8,1.1,0.4,2.2,0.484,0.358,0.693,2057.0,18.6,0.562,1.1,1.5,2.6,0.062,1.8,-1.0,0.7,1.4,45550512.0,45.55
simsje01,Jericho Sims,MIL,C,27.0,67,19.0,19.7,5.0,5.5,1.6,0.3,0.3,1.1,0.784,,0.62,1318.0,12.9,0.772,2.5,0.7,3.2,0.117,-2.1,-0.9,-3.1,-0.4,2461463.0,2.46
smartma01,Marcus Smart,LAL,SG,31.0,62,54.0,28.5,9.3,2.8,3.0,1.4,0.4,1.5,0.395,0.331,0.822,1769.0,9.9,0.543,0.4,1.6,2.0,0.054,-2.9,0.6,-2.2,-0.1,19920855.0,19.92
smithdr01,Dru Smith,MIA,SG,28.0,70,1.0,16.3,5.6,2.5,2.6,1.4,0.3,0.8,0.415,0.295,0.829,1141.0,14.5,0.532,1.2,1.9,3.0,0.127,-1.5,3.6,2.2,1.2,2378870.0,2.38
smithja04,Jalen Smith,CHI,C,25.0,53,21.0,20.7,10.2,6.7,1.2,0.5,0.8,1.0,0.483,0.373,0.742,1095.0,16.6,0.608,1.5,1.1,2.6,0.114,0.2,-0.9,-0.7,0.4,9000000.0,9.0
smithja05,Jabari Smith Jr.,HOU,PF,22.0,77,77.0,35.1,15.8,6.9,1.9,0.7,0.9,1.4,0.45,0.363,0.775,2705.0,13.5,0.57,3.4,3.3,6.6,0.118,-0.5,-0.2,-0.7,0.9,12350392.0,12.35
smithma02,Malachi Smith,BRK,SG,26.0,15,4.0,23.9,8.3,3.4,3.3,0.8,0.3,0.9,0.485,0.435,1.0,359.0,13.7,0.605,0.5,0.2,0.7,0.094,-0.1,-0.8,-0.8,0.1,73153.0,0.07
smithni01,Nick Smith Jr.,LAL,SG,21.0,30,1.0,12.5,6.2,0.8,1.0,0.3,0.1,0.7,0.435,0.395,0.733,375.0,10.2,0.552,-0.1,0.2,0.1,0.013,-2.1,-2.6,-4.7,-0.3,2710680.0,2.71
smithty02,Tyler Smith,DAL,PF,21.0,12,0.0,13.8,4.7,2.8,0.4,0.5,0.0,0.5,0.42,0.286,0.667,166.0,9.6,0.532,0.0,0.1,0.1,0.043,-3.3,-1.6,-4.8,-0.1,1955377.0,1.96
spencca01,Cam Spencer,MEM,SG,25.0,72,20.0,23.8,11.1,2.5,5.6,0.7,0.2,1.3,0.473,0.449,0.94,1714.0,17.2,0.649,4.7,0.6,5.3,0.149,3.0,-0.8,2.2,1.8,2537989.0,2.54
spencpa01,Pat Spencer,GSW,PG,29.0,66,14.0,18.6,7.2,2.4,3.5,0.7,0.1,1.3,0.427,0.357,0.772,1229.0,12.1,0.516,0.5,1.0,1.4,0.056,-1.7,-0.6,-2.3,-0.1,857804.0,0.86
stewais01,Isaiah Stewart,DET,C,24.0,58,13.0,22.7,10.0,5.0,1.1,0.3,1.6,1.2,0.55,0.333,0.756,1317.0,15.2,0.632,1.9,2.1,4.1,0.149,-1.1,1.1,0.0,0.7,15000000.0,15.0
strawju01,Julian Strawther,DEN,SG,23.0,57,14.0,15.1,7.2,2.0,1.1,0.4,0.1,0.6,0.467,0.387,0.814,861.0,12.5,0.59,0.7,0.6,1.3,0.071,-1.2,-1.1,-2.3,-0.1,2674200.0,2.67
strusma01,Max Strus,CLE,SF,29.0,12,5.0,24.0,11.2,5.4,2.0,0.3,0.0,0.8,0.443,0.402,0.778,288.0,12.8,0.609,0.4,0.2,0.7,0.116,0.1,-1.3,-1.2,0.1,15936452.0,15.94
suggsja01,Jalen Suggs,ORL,PG,24.0,57,56.0,27.6,13.8,3.9,5.5,1.8,0.7,2.7,0.435,0.339,0.855,1574.0,15.6,0.561,0.3,2.4,2.7,0.083,0.7,1.8,2.5,1.8,35000000.0,35.0
tateja01,Jae'Sean Tate,HOU,SF,30.0,46,1.0,8.8,2.8,1.6,0.5,0.2,0.1,0.3,0.514,0.313,0.636,405.0,10.7,0.567,0.4,0.4,0.8,0.095,-3.2,-0.7,-3.9,-0.2,2296274.0,2.3
tatumja01,Jayson Tatum,BOS,PF,27.0,16,16.0,32.6,21.8,10.0,5.3,1.4,0.2,2.4,0.411,0.329,0.823,522.0,20.3,0.541,0.6,1.0,1.6,0.148,2.9,1.8,4.8,0.9,54126450.0,54.13
templga01,Garrett Temple,TOR,SG,39.0,22,0.0,3.3,0.8,0.4,0.4,0.2,0.1,0.3,0.267,0.25,0.667,73.0,5.7,0.448,-0.1,0.1,0.0,-0.022,-5.9,1.0,-4.9,-0.1,2296274.0,2.3
thierad01,Adou Thiero,LAL,SF,21.0,25,0.0,6.0,1.9,1.1,0.4,0.3,0.1,0.4,0.516,0.333,0.636,149.0,10.7,0.578,0.1,0.2,0.2,0.071,-4.2,-0.2,-4.4,-0.1,1272870.0,1.27
thompam01,Amen Thompson,HOU,PG,23.0,79,79.0,37.4,18.3,7.8,5.3,1.5,0.6,2.4,0.534,0.216,0.779,2953.0,18.9,0.594,6.5,3.8,10.3,0.167,1.6,1.0,2.6,3.4,9690600.0,9.69
thompau01,Ausar Thompson,DET,SF,23.0,73,72.0,26.0,9.9,5.7,3.1,2.0,0.9,1.5,0.525,0.25,0.571,1896.0,16.2,0.545,1.5,4.1,5.7,0.144,-0.6,3.6,3.1,2.4,8775000.0,8.78
thompkl01,Klay Thompson,DAL,SF,35.0,69,8.0,21.7,11.7,2.1,1.4,0.5,0.3,0.9,0.393,0.383,0.766,1497.0,11.4,0.541,-0.3,0.9,0.5,0.018,0.2,-1.5,-1.4,0.2,16666667.0,16.67
thybuma01,Matisse Thybulle,POR,SG,28.0,30,0.0,16.0,5.8,2.0,0.9,2.0,0.5,0.9,0.433,0.398,0.84,480.0,14.5,0.6,0.2,1.0,1.3,0.126,-1.7,6.1,4.4,0.8,11550000.0,11.55
timmedr01,Drew Timme,LAL,PF,25.0,27,1.0,8.7,3.4,1.2,0.9,0.2,0.0,0.5,0.576,0.44,0.556,235.0,12.6,0.658,0.3,0.1,0.4,0.092,-0.8,-1.4,-2.2,0.0,1955377.0,1.96
tomlina01,Nae'Qwan Tomlin,CLE,PF,25.0,64,3.0,15.7,5.8,2.9,0.8,0.6,0.5,0.5,0.478,0.235,0.77,1004.0,12.9,0.549,1.1,1.1,2.2,0.107,-2.2,0.1,-2.1,0.0,718150.0,0.72
topicni01,Nikola Topić,OKC,PG,20.0,10,2.0,16.0,5.2,1.9,4.4,0.5,0.0,2.5,0.431,0.4,0.4,160.0,8.1,0.489,-0.3,0.2,0.0,-0.014,-5.3,-3.2,-8.4,-0.3,5182920.0,5.18
toppiob01,Obi Toppin,IND,PF,27.0,24,3.0,17.7,11.6,4.4,2.3,0.5,0.0,1.2,0.503,0.352,0.913,424.0,19.7,0.636,0.7,0.3,1.1,0.124,3.4,-0.4,3.0,0.5,14000000.0,14.0
townska01,Karl-Anthony Towns,NYK,C,30.0,75,75.0,31.0,20.1,11.9,3.0,0.9,0.5,2.5,0.501,0.368,0.858,2322.0,22.0,0.619,5.5,4.0,9.5,0.197,2.7,0.6,3.3,3.1,53142264.0,53.14
traorno01,Nolan Traoré,BRK,PG,19.0,56,31.0,22.2,8.9,1.8,3.8,0.8,0.4,2.3,0.38,0.318,0.787,1243.0,7.9,0.479,-2.3,0.6,-1.6,-0.063,-4.8,-2.0,-6.8,-1.5,3811560.0,3.81
trentga02,Gary Trent Jr.,MIL,SG,27.0,65,21.0,21.2,8.1,1.0,1.2,0.5,0.0,0.6,0.387,0.36,0.769,1377.0,8.0,0.533,-0.2,0.2,-0.1,-0.002,-3.2,-2.2,-5.4,-1.2,3697105.0,3.7
turnemy01,Myles Turner,MIL,C,29.0,71,71.0,26.9,11.9,5.3,1.5,0.7,1.6,1.2,0.44,0.383,0.74,1912.0,14.2,0.584,1.2,1.8,3.0,0.076,-0.9,0.0,-0.9,0.5,25318251.0,25.32
tysonhu01,Hunter Tyson,DEN,PF,25.0,21,2.0,7.7,2.2,1.7,0.8,0.1,0.0,0.2,0.269,0.212,0.846,162.0,6.4,0.398,-0.2,0.1,0.0,-0.013,-5.2,-1.6,-6.8,-0.2,2221677.0,2.22
tysonja01,Jaylon Tyson,CLE,SG,23.0,66,42.0,26.9,13.2,5.1,2.2,0.8,0.4,1.5,0.493,0.446,0.738,1777.0,14.8,0.608,2.3,1.7,4.0,0.108,0.6,-0.5,0.1,0.9,3492480.0,3.49
valanjo01,Jonas Valančiūnas,DEN,C,33.0,65,6.0,13.4,8.7,5.1,1.2,0.2,0.6,1.1,0.582,0.308,0.772,871.0,22.0,0.63,1.8,1.1,2.9,0.162,0.5,-0.5,0.0,0.4,10395000.0,10.4
vandeja01,Jarred Vanderbilt,LAL,PF,26.0,65,3.0,17.4,4.4,4.5,1.3,0.8,0.3,0.9,0.471,0.293,0.589,1128.0,11.2,0.544,0.4,1.5,1.8,0.079,-2.4,0.9,-1.5,0.1,11571429.0,11.57
vassede01,Devin Vassell,SAS,SG,25.0,67,65.0,30.5,13.9,4.0,2.5,0.9,0.4,0.9,0.437,0.384,0.815,2044.0,13.0,0.574,2.3,2.6,4.9,0.115,0.1,0.3,0.5,1.3,27000000.0,27.0
wadede01,Dean Wade,CLE,PF,29.0,59,38.0,22.3,5.8,4.2,1.5,0.7,0.4,0.3,0.439,0.362,0.711,1318.0,10.9,0.58,1.7,1.4,3.1,0.114,-0.8,1.0,0.2,0.7,6623456.0,6.62
wagnefr01,Franz Wagner,ORL,SF,24.0,34,32.0,30.0,20.6,5.2,3.3,0.9,0.3,1.7,0.481,0.345,0.823,1019.0,19.2,0.588,1.8,1.1,2.8,0.134,2.6,-0.2,2.5,1.2,38661750.0,38.66
wagnemo01,Moritz Wagner,ORL,C,28.0,36,0.0,11.9,6.9,3.2,0.8,0.4,0.1,0.5,0.426,0.314,0.819,427.0,15.3,0.545,0.4,0.6,0.9,0.104,-1.4,-0.8,-2.2,0.0,5000000.0,5.0
walkeja01,Jabari Walker,PHI,PF,23.0,64,6.0,11.9,4.3,3.0,0.5,0.4,0.2,0.4,0.455,0.337,0.735,762.0,12.5,0.568,0.9,0.8,1.7,0.106,-2.1,-0.6,-2.7,-0.1,724598.0,0.72
walkeja02,Jarace Walker,IND,PF,22.0,76,41.0,25.7,11.6,5.1,2.5,0.8,0.3,1.8,0.419,0.374,0.749,1953.0,11.5,0.543,-1.0,1.5,0.5,0.013,-1.8,-0.7,-2.4,-0.2,6665520.0,6.67
wallaca01,Cason Wallace,OKC,SG,22.0,77,58.0,26.6,8.6,3.1,2.6,1.9,0.4,0.9,0.432,0.351,0.809,2046.0,12.1,0.538,1.0,4.2,5.2,0.122,-2.1,3.3,1.2,1.7,5820240.0,5.82
wallake01,Keaton Wallace,ATL,PG,26.0,53,3.0,10.1,3.5,1.1,1.8,0.5,0.1,0.5,0.398,0.373,0.667,536.0,10.4,0.52,0.1,0.6,0.7,0.066,-3.0,0.3,-2.7,-0.1,2296274.0,2.3
walshjo01,Jordan Walsh,BOS,PF,21.0,68,25.0,17.8,5.4,4.0,0.8,0.7,0.5,0.5,0.509,0.384,0.772,1212.0,13.1,0.623,1.9,1.9,3.8,0.15,-1.4,1.6,0.2,0.7,2221677.0,2.22
walteja01,Ja'Kobe Walter,TOR,SG,21.0,72,19.0,20.5,7.5,2.6,1.2,1.0,0.2,0.5,0.446,0.409,0.789,1474.0,11.8,0.61,1.9,1.9,3.7,0.121,-1.3,1.0,-0.3,0.6,3638160.0,3.64
wareke01,Kel'el Ware,MIA,C,21.0,77,34.0,22.1,11.1,9.0,0.7,0.8,1.1,0.8,0.53,0.395,0.74,1704.0,20.0,0.616,3.2,3.0,6.2,0.175,2.1,0.1,2.1,1.8,4443360.0,4.44
washipj01,P.J. Washington,DAL,PF,27.0,56,53.0,31.0,14.2,7.0,1.8,1.0,1.1,1.7,0.45,0.325,0.687,1736.0,13.1,0.537,-0.3,2.0,1.7,0.046,-1.7,0.1,-1.6,0.2,14152174.0,14.15
waterli01,Lindy Waters III,SAS,SG,28.0,40,0.0,7.1,2.4,0.7,0.5,0.2,0.0,0.2,0.375,0.342,0.667,285.0,7.5,0.532,0.1,0.3,0.4,0.063,-2.9,-0.3,-3.2,-0.1,2296274.0,2.3
watfotr01,Trendon Watford,PHI,PF,25.0,53,7.0,16.3,6.5,3.3,2.5,0.3,0.4,1.2,0.515,0.2,0.779,864.0,13.1,0.573,0.6,0.8,1.4,0.078,-2.2,0.2,-1.9,0.0,2461463.0,2.46
watsope01,Peyton Watson,DEN,SF,23.0,54,40.0,29.6,14.6,4.9,2.1,0.9,1.1,1.7,0.491,0.411,0.73,1598.0,14.3,0.594,1.0,1.6,2.6,0.078,-0.8,-0.5,-1.2,0.3,4356476.0,4.36
wellsja01,Jaylen Wells,MEM,SG,22.0,69,69.0,26.4,12.5,3.2,1.6,0.9,0.1,1.1,0.431,0.353,0.784,1821.0,11.5,0.559,0.9,0.7,1.6,0.042,-1.8,-1.4,-3.1,-0.5,1955377.0,1.96
wembavi01,Victor Wembanyama,SAS,C,22.0,64,55.0,29.2,25.0,11.5,3.1,1.0,3.1,2.4,0.512,0.349,0.827,1866.0,29.9,0.626,5.0,5.0,10.0,0.257,6.5,4.2,10.7,6.0,13376880.0,13.38
weslebl01,Blake Wesley,POR,SG,22.0,31,0.0,11.6,4.8,1.3,2.0,0.5,0.2,1.0,0.452,0.278,0.553,361.0,10.8,0.511,-0.1,0.4,0.3,0.038,-3.7,0.1,-3.6,-0.1,5643732.0,5.64
westbru01,Russell Westbrook,SAC,SF,37.0,64,58.0,29.0,15.2,5.4,6.7,1.3,0.2,3.3,0.427,0.338,0.694,1853.0,15.1,0.528,-0.6,0.9,0.4,0.009,0.6,-1.0,-0.4,0.7,2296274.0,2.3
whitede01,Derrick White,BOS,SG,31.0,77,77.0,34.1,16.5,4.4,5.4,1.1,1.3,1.7,0.394,0.327,0.902,2625.0,16.0,0.529,3.5,3.5,7.0,0.129,2.2,1.0,3.2,3.5,28100000.0,28.1
whitmca01,Cam Whitmore,WAS,SF,21.0,21,0.0,16.9,9.2,2.8,0.7,0.7,0.4,0.9,0.456,0.286,0.742,354.0,13.7,0.528,-0.1,0.1,0.0,-0.002,-1.1,-2.1,-3.3,-0.1,3539760.0,3.54
wiggiaa01,Aaron Wiggins,OKC,SG,27.0,65,21.0,21.8,9.4,3.1,1.7,0.9,0.4,1.2,0.431,0.356,0.736,1414.0,11.7,0.538,-0.4,2.5,2.1,0.072,-1.7,0.7,-0.9,0.4,10102803.0,10.1
wiggian01,Andrew Wiggins,MIA,SF,30.0,68,68.0,30.3,15.4,4.8,2.7,1.1,1.0,1.5,0.475,0.414,0.784,2063.0,15.1,0.586,2.2,2.3,4.6,0.106,0.7,0.5,1.2,1.7,28223215.0,28.22
william01,Amari Williams,BOS,PF,24.0,22,2.0,6.6,1.4,1.8,0.5,0.1,0.5,0.5,0.5,,0.714,146.0,9.7,0.573,0.0,0.3,0.2,0.077,-5.0,2.9,-2.1,0.0,490128.0,0.49
willibr03,Brandon Williams,DAL,PG,26.0,66,15.0,22.2,13.0,2.9,3.9,0.9,0.3,1.9,0.472,0.232,0.793,1463.0,16.8,0.572,1.2,1.3,2.5,0.083,0.1,0.3,0.4,0.9,2270735.0,2.27
willico04,Cody Williams,UTA,SG,21.0,67,41.0,24.3,8.8,3.0,2.0,0.8,0.4,1.1,0.468,0.214,0.706,1631.0,9.6,0.524,0.0,0.1,0.1,0.004,-3.6,-1.9,-5.5,-1.5,5742480.0,5.74
willigr01,Grant Williams,CHO,PF,27.0,36,3.0,19.8,7.0,3.9,1.6,0.5,0.5,0.9,0.426,0.388,0.815,711.0,12.9,0.609,1.1,0.8,1.9,0.131,0.6,1.0,1.6,0.7,13645500.0,13.65
willija06,Jalen Williams,OKC,SG,24.0,33,33.0,28.4,17.1,4.6,5.5,1.2,0.3,1.9,0.484,0.299,0.837,936.0,19.0,0.56,1.3,1.7,3.0,0.156,1.1,1.0,2.1,1.0,6580997.0,6.58
willija07,Jaylin Williams,OKC,PF,23.0,65,11.0,19.6,7.2,5.5,2.4,0.5,0.6,1.0,0.423,0.383,0.793,1277.0,13.8,0.597,1.3,2.8,4.1,0.155,0.0,2.8,2.7,1.5,8450704.0,8.45
willike04,Kenrich Williams,OKC,PF,31.0,56,2.0,15.3,6.5,3.3,1.4,0.6,0.1,0.8,0.473,0.388,0.635,855.0,14.2,0.569,0.8,1.5,2.3,0.13,-0.1,0.3,0.2,0.5,7163000.0,7.16
willima07,Mark Williams,PHO,C,24.0,60,55.0,23.6,11.7,8.0,1.0,0.9,0.9,1.1,0.644,1.0,0.771,1416.0,21.8,0.68,4.0,2.3,6.3,0.215,1.5,0.5,2.0,1.4,6276531.0,6.28
willipa01,Patrick Williams,CHI,PF,24.0,72,6.0,20.5,7.0,3.0,1.5,0.7,0.4,1.0,0.372,0.347,0.72,1474.0,8.2,0.494,-1.1,1.0,-0.1,-0.005,-3.4,-1.1,-4.5,-0.9,18000000.0,18.0
williro04,Robert Williams,POR,C,28.0,59,1.0,17.1,6.7,7.0,1.0,0.6,1.5,0.8,0.708,0.391,0.596,1008.0,22.1,0.722,2.4,2.0,4.5,0.213,2.0,2.4,4.5,1.7,13285713.0,13.29
willizi01,Zion Williamson,NOP,PF,25.0,62,55.0,29.7,21.0,5.7,3.2,1.0,0.5,2.0,0.6,0.25,0.716,1841.0,22.6,0.644,5.0,1.0,6.1,0.159,3.5,-0.6,2.9,2.3,39446090.0,39.45
willizi02,Ziaire Williams,BRK,SF,24.0,56,13.0,22.9,10.2,2.4,1.1,1.4,0.4,1.1,0.425,0.343,0.85,1281.0,12.4,0.579,0.5,1.1,1.6,0.059,-2.0,0.4,-1.7,0.1,6250000.0,6.25
wilsoja03,Jalen Wilson,BRK,PF,25.0,54,2.0,15.9,6.4,2.1,0.9,0.4,0.0,0.7,0.396,0.355,0.719,859.0,8.7,0.536,-0.2,0.4,0.2,0.012,-3.6,-2.1,-5.6,-0.8,2221677.0,2.22
wolfda01,Danny Wolf,BRK,PF,21.0,57,15.0,20.8,8.9,4.9,2.2,0.5,0.6,1.3,0.405,0.322,0.771,1187.0,12.3,0.521,-0.2,1.0,0.8,0.032,-2.2,-0.3,-2.5,-0.2,2801280.0,2.8
yangha01,Yang Hansen,POR,C,20.0,43,1.0,7.0,2.2,1.5,0.5,0.1,0.2,0.7,0.31,0.119,0.824,300.0,3.7,0.413,-0.8,0.3,-0.5,-0.075,-8.9,-0.6,-9.5,-0.6,4422360.0,4.42
agbajoc01,Ochai Agbaji,BRK,SG,25.0,62,13.0,15.7,5.1,2.3,0.8,0.4,0.3,0.5,0.436,0.266,0.837,973.0,8.9,0.525,0.1,0.8,0.9,0.046,-3.5,-0.5,-4.0,-0.5,6383525.0,6.38
alvarjo01,Jose Alvarado,NYK,PG,27.0,69,3.0,19.9,7.4,2.5,3.4,1.0,0.1,1.1,0.416,0.352,0.761,1370.0,12.1,0.543,1.0,1.2,2.2,0.077,-1.3,0.3,-1.0,0.3,4500000.0,4.5
anderky01,Kyle Anderson,MIN,SF,32.0,43,5.0,19.8,6.2,3.5,2.9,1.0,0.6,0.9,0.53,0.364,0.706,853.0,13.7,0.573,1.0,0.8,1.9,0.105,-1.3,1.7,0.4,0.5,9219512.0,9.22
baglema01,Marvin Bagley III,DAL,PF,26.0,60,12.0,20.0,10.5,6.1,1.4,0.5,0.7,1.0,0.618,0.462,0.66,1201.0,20.2,0.661,3.0,0.8,3.8,0.15,1.8,-1.0,0.8,0.8,2296274.0,2.3
bassech01,Charles Bassey,GSW,C,25.0,13,0.0,11.8,5.8,4.4,0.5,0.3,0.8,0.5,0.66,,0.7,153.0,22.7,0.681,0.4,0.2,0.7,0.211,1.4,0.5,1.9,0.2,263940.0,0.26
bradlto01,Tony Bradley,ATL,C,28.0,41,4.0,11.0,4.0,2.8,0.5,0.1,0.2,0.4,0.547,0.5,0.744,450.0,12.8,0.596,0.7,0.2,0.9,0.099,-2.5,-1.7,-4.2,-0.3,3204816.0,3.2
brownko01,Kobe Brown,IND,PF,26.0,61,10.0,15.8,5.8,3.0,1.3,0.4,0.2,0.9,0.469,0.374,0.797,963.0,12.0,0.594,0.8,0.6,1.3,0.066,-1.2,-1.4,-2.7,-0.2,2654880.0,2.65
carteje01,Jevon Carter,ORL,PG,30.0,53,1.0,16.4,6.4,1.7,1.6,0.8,0.2,0.7,0.401,0.363,0.789,867.0,10.7,0.537,0.1,0.8,0.9,0.052,-1.4,0.4,-1.1,0.2,7680524.0,7.68
claytwa01,Walter Clayton,MEM,PG,22.0,69,6.0,20.4,7.8,2.0,4.0,0.6,0.3,1.7,0.384,0.307,0.901,1410.0,10.3,0.523,0.0,0.3,0.3,0.009,-2.2,-2.1,-4.3,-0.8,3991320.0,3.99
coffeam01,Amir Coffey,PHO,SG,28.0,46,3.0,10.7,3.2,1.2,0.6,0.2,0.1,0.2,0.487,0.347,0.786,490.0,10.2,0.594,0.6,0.2,0.8,0.083,-2.2,-0.9,-3.1,-0.1,2296274.0,2.3
diengou01,Ousmane Dieng,MIL,C,22.0,57,20.0,19.3,7.6,3.2,2.4,0.4,0.3,1.3,0.422,0.341,0.711,1099.0,10.2,0.516,-0.6,0.9,0.3,0.012,-2.6,-1.2,-3.8,-0.5,6670882.0,6.67
dilliro01,Rob Dillingham,CHI,PG,21.0,65,0.0,14.9,6.3,2.0,2.2,0.7,0.1,1.5,0.396,0.316,0.745,970.0,7.7,0.469,-2.0,0.9,-1.1,-0.056,-6.3,-0.9,-7.3,-1.3,6576120.0,6.58
dosunay01,Ayo Dosunmu,MIN,SG,26.0,69,19.0,27.3,14.8,3.4,3.6,0.8,0.3,1.4,0.517,0.439,0.876,1881.0,16.5,0.63,3.5,1.3,4.9,0.124,1.3,-0.3,1.0,1.4,7518518.0,7.52
elliske01,Keon Ellis,CLE,SG,26.0,72,11.0,20.5,6.7,1.9,1.0,1.2,0.6,0.6,0.44,0.363,0.729,1478.0,10.8,0.579,1.0,1.2,2.2,0.072,-1.8,1.3,-0.5,0.6,2301587.0,2.3
garlada01,Darius Garland,LAC,PG,26.0,45,43.0,29.9,18.8,2.4,6.7,1.0,0.2,2.9,0.46,0.396,0.861,1344.0,17.1,0.582,1.7,0.9,2.6,0.092,2.2,-2.4,-0.2,0.6,39446090.0,39.45
hardeja01,James Harden,CLE,PG,36.0,70,70.0,34.8,23.6,4.8,8.0,1.1,0.4,3.5,0.434,0.375,0.884,2438.0,20.7,0.61,5.6,2.1,7.7,0.151,4.6,-0.8,3.9,3.6,39182693.0,39.18
hardyja02,Jaden Hardy,WAS,SG,23.0,57,4.0,15.8,9.2,1.5,1.0,0.3,0.1,1.1,0.424,0.397,0.733,898.0,10.9,0.566,-0.3,0.1,-0.2,-0.01,-1.5,-3.3,-4.8,-0.6,6000000.0,6.0
hendrta01,Taylor Hendricks,MEM,PF,22.0,59,17.0,18.9,7.4,3.7,0.9,0.8,0.5,0.8,0.459,0.342,0.681,1118.0,12.2,0.566,0.4,0.8,1.1,0.049,-1.5,-0.9,-2.4,-0.1,6127080.0,6.13
hieldbu01,Buddy Hield,ATL,SG,33.0,51,3.0,16.1,7.6,2.3,1.4,0.8,0.2,0.9,0.437,0.349,0.811,819.0,12.8,0.568,0.2,0.8,1.0,0.06,-0.9,-0.1,-1.0,0.2,9219512.0,9.22
huertke01,Kevin Huerter,DET,SF,27.0,69,14.0,22.4,10.0,3.5,2.6,0.9,0.5,1.0,0.451,0.308,0.775,1549.0,13.2,0.552,0.8,1.7,2.5,0.078,-1.1,0.5,-0.6,0.6,17991071.0,17.99
huntede01,De'Andre Hunter,SAC,SF,28.0,45,25.0,26.1,13.7,4.1,2.0,0.7,0.1,1.7,0.415,0.305,0.867,1176.0,11.4,0.545,0.1,1.0,1.1,0.044,-2.5,-1.5,-3.9,-0.6,23303571.0,23.3
iveyja01,Jaden Ivey,CHI,SG,23.0,37,5.0,18.1,8.5,2.5,1.8,0.6,0.4,1.1,0.445,0.373,0.809,670.0,13.0,0.571,0.5,0.9,1.3,0.096,-0.2,0.2,0.0,0.3,10107163.0,10.11
jacksis01,Isaiah Jackson,LAC,C,24.0,55,14.0,16.5,6.7,5.3,0.9,0.7,0.9,1.1,0.637,0.0,0.648,908.0,17.3,0.653,1.4,1.2,2.6,0.139,-1.9,0.8,-1.2,0.2,7600000.0,7.6
jacksja02,Jaren Jackson Jr.,UTA,C,26.0,48,48.0,30.3,19.4,5.7,2.0,1.1,1.4,2.2,0.476,0.357,0.803,1454.0,15.7,0.576,0.1,1.3,1.4,0.047,-1.1,0.5,-0.6,0.5,35000000.0,35.0
jackstr02,Trayce Jackson-Davis,TOR,C,25.0,53,1.0,9.4,3.4,2.7,0.7,0.3,0.5,0.4,0.573,1.0,0.514,496.0,16.6,0.578,0.8,0.7,1.4,0.138,-0.8,0.4,-0.4,0.2,2221677.0,2.22
johnsaj01,AJ Johnson,DAL,SG,21.0,48,0.0,9.5,3.3,1.1,1.0,0.2,0.1,0.6,0.324,0.211,0.85,454.0,5.6,0.413,-1.0,0.1,-0.9,-0.09,-6.4,-2.5,-8.9,-0.8,3090480.0,3.09
jonesty01,Tyus Jones,DEN,PG,29.0,67,12.0,14.6,3.0,1.1,2.4,0.6,0.0,0.4,0.349,0.292,0.778,979.0,8.3,0.448,0.2,0.8,1.0,0.051,-2.9,0.5,-2.4,-0.1,7000000.0,7.0
kennalu01,Luke Kennard,LAL,SG,29.0,78,6.0,21.6,8.4,2.3,2.2,0.7,0.1,0.8,0.533,0.478,0.913,1681.0,13.5,0.689,3.2,1.4,4.5,0.13,0.1,0.1,0.1,0.9,11000000.0,11.0
kispeco01,Corey Kispert,ATL,SF,26.0,58,10.0,18.6,9.2,2.3,1.6,0.3,0.2,0.8,0.467,0.367,0.794,1080.0,13.1,0.609,1.4,0.5,1.8,0.082,0.1,-2.0,-1.9,0.0,13975000.0,13.98
kolokch01,Christian Koloko,ATL,C,25.0,27,4.0,13.2,2.7,3.0,0.7,0.5,0.9,0.6,0.419,0.111,0.667,357.0,8.8,0.453,-0.2,0.4,0.3,0.038,-5.9,1.2,-4.7,-0.2,263940.0,0.26
konchjo01,John Konchar,UTA,SG,29.0,56,8.0,19.9,4.4,4.3,2.1,1.5,0.7,0.6,0.472,0.283,0.727,1115.0,13.6,0.568,1.2,1.2,2.4,0.104,-1.3,2.2,0.9,0.8,6165000.0,6.16
krejcvi01,Vít Krejčí,POR,PG,25.0,65,8.0,21.4,8.5,2.3,1.5,0.7,0.3,0.6,0.448,0.39,0.745,1392.0,11.1,0.609,1.5,1.3,2.9,0.099,-1.5,0.0,-1.6,0.1,2349578.0,2.35
kuminjo01,Jonathan Kuminga,ATL,PF,23.0,36,14.0,23.1,12.2,5.6,2.3,0.6,0.3,1.9,0.463,0.333,0.724,830.0,14.2,0.557,0.1,0.9,1.0,0.059,-1.5,-0.5,-2.0,0.0,23799569.0,23.8
landajo01,Jock Landale,ATL,C,30.0,68,27.0,22.1,10.6,5.7,1.7,0.5,0.5,0.9,0.515,0.383,0.635,1506.0,16.6,0.595,2.7,1.1,3.8,0.122,0.9,-1.0,-0.1,0.7,2296274.0,2.3
martity01,Tyrese Martin,PHI,SG,26.0,46,6.0,16.9,6.3,2.5,1.7,0.5,0.1,0.9,0.394,0.321,0.679,777.0,10.3,0.501,-0.3,0.4,0.1,0.006,-2.0,-1.4,-3.4,-0.3,2191897.0,2.19
mathube01,Bennedict Mathurin,LAC,SF,23.0,54,25.0,30.0,17.6,5.4,2.4,0.8,0.2,2.2,0.43,0.315,0.869,1620.0,14.7,0.575,1.0,1.1,2.1,0.062,-1.1,-1.4,-2.5,-0.2,9187573.0,9.19
mccaija01,Jared McCain,OKC,SG,21.0,67,3.0,17.3,8.3,2.0,1.3,0.5,0.1,0.8,0.425,0.385,0.864,1160.0,11.6,0.551,0.2,1.2,1.5,0.06,-1.6,-0.8,-2.4,-0.1,4221360.0,4.22
mccluma01,Mac McClung,CHI,SG,27.0,11,0.0,12.3,6.1,0.9,0.9,1.0,0.3,0.8,0.39,0.233,0.778,135.0,10.4,0.501,-0.2,0.1,0.0,-0.007,-5.6,0.5,-5.1,-0.1,164060.0,0.16
mccolcj01,CJ McCollum,ATL,PG,34.0,76,60.0,29.8,18.7,3.3,3.9,0.8,0.5,1.8,0.455,0.375,0.772,2264.0,15.9,0.566,1.9,1.0,3.0,0.063,1.4,-1.7,-0.3,1.0,30666666.0,30.67
middlkh01,Khris Middleton,DAL,SF,34.0,63,50.0,22.8,10.2,3.7,2.8,0.7,0.1,1.7,0.42,0.36,0.875,1439.0,10.9,0.533,-0.3,0.5,0.3,0.008,-2.8,-1.5,-4.4,-0.9,33296296.0,33.3
millele01,Leonard Miller,CHI,SF,22.0,46,12.0,15.6,7.8,3.9,0.9,0.4,0.3,0.8,0.553,0.323,0.736,719.0,15.9,0.633,1.0,0.6,1.6,0.105,-0.2,-1.1,-1.3,0.1,2221677.0,2.22
minotjo01,Josh Minott,BRK,PF,23.0,49,11.0,17.0,7.4,3.2,0.9,0.9,0.5,0.9,0.5,0.418,0.787,834.0,16.0,0.653,1.2,1.2,2.4,0.139,1.4,1.1,2.5,1.0,2378870.0,2.38
phillju01,Julian Phillips,MIN,SF,22.0,48,2.0,8.9,2.9,1.0,0.2,0.5,0.1,0.2,0.421,0.308,0.783,428.0,9.3,0.534,0.1,0.3,0.5,0.051,-3.3,-0.3,-3.6,-0.2,2221677.0,2.22
plumlma01,Mason Plumlee,SAS,C,35.0,20,3.0,8.6,1.6,2.7,1.0,0.5,0.0,0.6,0.786,,0.643,172.0,13.0,0.769,0.2,0.3,0.5,0.146,-2.0,2.6,0.5,0.1,3022108.0,3.02
porzikr01,Kristaps Porziņģis,GSW,C,30.0,32,23.0,24.0,16.7,5.2,2.5,0.6,1.2,1.3,0.446,0.338,0.842,769.0,19.6,0.582,1.4,1.0,2.4,0.148,1.6,0.3,1.9,0.8,30731707.0,30.73
richani01,Nick Richards,CHI,C,28.0,48,6.0,14.6,5.8,5.1,0.3,0.2,0.7,1.2,0.512,0.278,0.644,701.0,11.9,0.562,-0.2,0.8,0.6,0.04,-4.9,-1.2,-6.1,-0.7,5000000.0,5.0
robinje02,Jeremiah Robinson-Earl,DAL,PF,25.0,22,3.0,16.4,4.6,4.7,0.7,0.4,0.0,0.5,0.37,0.244,0.944,361.0,9.3,0.468,0.0,0.3,0.2,0.03,-3.5,-1.7,-5.2,-0.3,131970.0,0.13
ruperra01,Rayan Rupert,MEM,SG,21.0,64,8.0,16.8,5.2,2.9,1.1,0.9,0.1,0.9,0.393,0.324,0.778,1072.0,8.2,0.493,-0.5,1.1,0.6,0.026,-5.0,-0.1,-5.1,-0.8,2353647.0,2.35
schrode01,Dennis Schröder,CLE,PG,32.0,70,17.0,24.2,10.8,2.7,4.9,0.8,0.2,1.8,0.405,0.329,0.834,1697.0,12.9,0.526,0.8,0.7,1.5,0.043,-0.9,-1.3,-2.2,-0.1,14104000.0,14.1
sextoco01,Collin Sexton,CHI,SG,27.0,68,22.0,23.7,15.4,2.3,3.3,1.1,0.1,2.1,0.485,0.401,0.855,1614.0,17.4,0.615,2.5,1.4,3.9,0.117,1.1,-0.5,0.6,1.1,18975000.0,18.98
simonan01,Anfernee Simons,CHI,SG,26.0,55,5.0,24.9,14.3,2.5,2.4,0.5,0.1,1.2,0.44,0.385,0.896,1372.0,14.4,0.576,1.8,1.1,2.9,0.101,1.2,-1.3,-0.1,0.7,27678571.0,27.68
sochaje01,Jeremy Sochan,NYK,PF,22.0,44,0.0,10.7,3.6,2.4,0.9,0.4,0.2,0.5,0.496,0.244,0.731,469.0,12.2,0.563,0.5,0.7,1.2,0.12,-2.3,1.1,-1.2,0.1,7874853.0,7.87
terryda01,Dalen Terry,PHI,SG,23.0,48,0.0,11.5,3.7,1.8,1.4,0.6,0.3,0.5,0.439,0.364,0.533,551.0,11.6,0.523,0.2,0.6,0.7,0.063,-2.4,0.8,-1.7,0.0,5399118.0,5.4
thomaca02,Cam Thomas,MIL,SG,24.0,42,8.0,21.0,13.5,1.7,2.6,0.2,0.1,1.8,0.41,0.31,0.811,881.0,12.6,0.53,-0.5,0.1,-0.4,-0.024,-1.2,-3.9,-5.2,-0.7,6837779.0,6.84
tillmxa01,Xavier Tillman Sr.,CHO,C,27.0,30,1.0,6.1,1.5,1.4,0.4,0.3,0.2,0.3,0.435,0.167,0.25,183.0,11.0,0.461,0.0,0.3,0.3,0.077,-2.8,1.0,-1.8,0.0,2546675.0,2.55
vincega01,Gabe Vincent,ATL,PG,29.0,53,7.0,16.6,4.4,1.0,1.4,0.5,0.1,0.5,0.352,0.341,0.87,879.0,6.5,0.511,0.1,0.5,0.6,0.035,-3.8,-0.5,-4.3,-0.5,11500000.0,11.5
vucevni01,Nikola Vučević,BOS,C,35.0,64,49.0,28.4,15.1,8.4,3.3,0.6,0.6,1.3,0.493,0.369,0.828,1818.0,17.7,0.574,2.5,1.9,4.4,0.116,1.4,0.1,1.5,1.6,21481481.0,21.48
whiteco01,Coby White,CHO,SG,25.0,50,26.0,25.0,17.4,3.4,4.0,0.5,0.1,2.6,0.446,0.362,0.817,1249.0,16.1,0.595,1.2,0.7,2.0,0.076,0.6,-1.9,-1.3,0.2,12888889.0,12.89
willivi01,Vince Williams Jr.,UTA,SG,25.0,40,12.0,20.5,7.5,3.9,4.2,0.7,0.4,1.8,0.353,0.311,0.78,820.0,10.7,0.478,-0.4,0.5,0.1,0.008,-1.5,0.5,-1.0,0.2,2301587.0,2.3
yabusgu01,Guerschon Yabusele,CHI,C,30.0,67,19.0,15.0,5.6,3.5,0.9,0.4,0.2,0.6,0.401,0.352,0.75,1007.0,11.1,0.543,0.4,1.0,1.4,0.067,-1.7,-0.5,-2.2,-0.1,5500000.0,5.5
youngtr01,Trae Young,WAS,PG,27.0,15,15.0,25.6,17.9,2.0,8.0,0.9,0.1,2.6,0.458,0.338,0.825,384.0,21.1,0.612,1.2,0.2,1.4,0.174,4.2,-1.4,2.8,0.5,46394100.0,46.39
zubaciv01,Ivica Zubac,IND,C,28.0,48,47.0,30.1,14.1,10.6,2.2,0.4,0.8,1.8,0.598,,0.711,1446.0,18.6,0.622,2.6,1.6,4.2,0.139,0.7,-0.9,-0.3,0.6,18893980.0,18.89
