value_rank,player,team,pos,age,salary_millions,vorp,ws,bpm,vorp_per_million,position_avg_vorp,vorp_above_position,position_adj_value,expected_salary_millions,overpay_millions,value_tier,pts_per_game,mp_per_game,g,rs_gp,rs_min,rs_pts,rs_reb,rs_ast,rs_stl,rs_blk,rs_tov,rs_fg_pct,rs_fg3_pct,rs_ft_pct,rs_eff,po_pts,po_reb,po_ast,po_stl,po_blk,po_tov,po_gp,po_min,po_fg_pct,po_fg3_pct,po_ft_pct,po_eff,eff_delta,in_playoffs
1,Collin Gillespie,PHO,PG,26.0,2.3,2.6,6.2,2.5,1.1304,0.9902777777777776,1.61,0.7,24.24,-21.94,Elite Value,12.7,28.5,80,80,28.5,12.7,4.1,4.6,1.2,0.2,1.6,0.418,0.401,0.874,21.2,,,,,,,,,,,,,,False
2,Neemias Queta,BOS,C,26.0,2.35,2.4,9.0,2.8,1.0213,1.0864864864864865,1.314,0.5591,22.98,-20.63,Elite Value,10.2,25.3,76,76,25.3,10.2,8.4,1.7,0.8,1.3,1.0,0.653,0.125,0.703,21.4,11.1,9.1,1.8,0.9,1.4,1.1,4.0,25.2,0.687,0.123,0.697,23.2,1.8,True
3,Cam Spencer,MEM,SG,25.0,2.54,1.8,5.3,2.2,0.7087,0.4457142857142857,1.354,0.5331,19.22,-16.68,Elite Value,11.1,23.8,72,72,23.8,11.1,2.5,5.6,0.7,0.2,1.3,0.473,0.449,0.94,18.8,10.7,2.4,5.4,0.7,0.2,1.2,16.0,21.8,0.495,0.48,0.908,18.2,-0.6,True
4,Javonte Green,DET,SG,32.0,2.3,1.5,4.7,2.1,0.6522,0.4457142857142857,1.054,0.4583,17.34,-15.04,Elite Value,6.9,17.6,82,82,17.6,6.9,2.8,0.7,1.2,0.3,0.5,0.447,0.381,0.84,11.4,7.6,3.1,0.8,1.3,0.3,0.5,22.0,18.3,0.429,0.352,0.842,12.6,1.2,True
5,Sandro Mamukelashvili,TOR,C,26.0,2.46,2.1,6.2,2.8,0.8537,1.0864864864864865,1.014,0.4122,21.1,-18.64,Elite Value,11.2,21.9,80,80,21.9,11.2,4.9,1.9,0.8,0.5,0.8,0.523,0.389,0.747,18.5,,,,,,,,,,,,,,False
6,Jalen Duren,DET,C,22.0,6.48,3.5,11.0,5.0,0.5401,1.0864864864864865,2.414,0.3725,29.87,-23.39,Elite Value,19.5,28.2,70,70,28.2,19.5,10.5,2.0,0.8,0.8,1.9,0.65,,0.747,31.7,22.8,12.3,2.3,0.9,0.9,2.2,6.0,31.7,0.612,,0.72,37.0,5.3,True
7,Victor Wembanyama,SAS,C,22.0,13.38,6.0,10.0,10.7,0.4484,1.0864864864864865,4.914,0.3673,45.54,-32.16,Elite Value,25.0,29.2,64,64,29.2,25.0,11.5,3.1,1.0,3.1,2.4,0.512,0.349,0.827,41.3,23.6,10.9,2.9,0.9,2.9,2.3,9.0,27.1,0.438,0.366,0.808,38.9,-2.4,True
8,Julian Champagnie,SAS,SF,24.0,3.0,1.9,6.2,1.4,0.6333,0.8842857142857142,1.016,0.3387,19.85,-16.85,Elite Value,11.1,27.6,82,82,27.6,11.1,5.8,1.5,0.8,0.5,0.8,0.437,0.381,0.844,18.9,10.5,5.5,1.4,0.8,0.5,0.8,13.0,29.6,0.423,0.374,0.854,17.9,-1.0,True
9,Ajay Mitchell,OKC,SG,23.0,3.0,1.4,4.8,1.9,0.4667,0.4457142857142857,0.954,0.318,16.72,-13.72,Elite Value,13.6,25.8,57,57,25.8,13.6,3.3,3.6,1.2,0.3,1.4,0.485,0.347,0.87,20.6,14.2,3.4,3.8,1.3,0.3,1.5,21.0,25.8,0.546,0.366,0.884,21.5,0.9,True
10,Dru Smith,MIA,SG,28.0,2.38,1.2,3.0,2.2,0.5042,0.4457142857142857,0.754,0.3168,15.46,-13.08,Elite Value,5.6,16.3,70,70,16.3,5.6,2.5,2.6,1.4,0.3,0.8,0.415,0.295,0.829,11.6,5.6,2.5,2.6,1.4,0.3,0.8,17.0,16.6,0.426,0.295,0.813,11.6,0.0,True
11,Moussa Diabaté,CHO,C,24.0,2.27,1.8,7.4,1.7,0.793,1.0864864864864865,0.714,0.3145,19.22,-16.95,Elite Value,7.9,26.0,73,73,26.0,7.9,8.7,1.9,0.8,1.0,1.0,0.631,0.5,0.659,19.3,,,,,,,,,,,,,,False
12,Gary Payton II,GSW,SG,33.0,2.3,1.1,3.5,1.9,0.4783,0.4457142857142857,0.654,0.2843,14.84,-12.54,Elite Value,7.5,15.6,73,73,15.6,7.5,3.6,1.7,0.9,0.3,0.8,0.583,0.291,0.65,13.2,7.7,3.7,1.7,0.9,0.3,0.8,18.0,14.9,0.569,0.312,0.675,13.5,0.3,True
13,Payton Pritchard,BOS,PG,28.0,7.23,2.8,8.5,2.3,0.3873,0.9902777777777776,1.81,0.2503,25.49,-18.26,Elite Value,17.0,32.4,79,79,32.4,17.0,3.9,5.2,0.7,0.1,1.4,0.464,0.377,0.89,25.5,17.1,3.9,5.2,0.7,0.1,1.4,15.0,32.4,0.476,0.346,0.919,25.6,0.1,True
14,Amen Thompson,HOU,PG,23.0,9.69,3.4,10.3,2.6,0.3509,0.9902777777777776,2.41,0.2487,29.25,-19.56,Elite Value,18.3,37.4,79,79,37.4,18.3,7.8,5.3,1.5,0.6,2.4,0.534,0.216,0.779,31.1,,,,,,,,,,,,,,False
15,Brandin Podziemski,GSW,SG,22.0,3.69,1.3,5.1,0.2,0.3523,0.4457142857142857,0.854,0.2314,16.09,-12.4,Elite Value,13.8,28.5,82,82,28.5,13.8,5.1,3.7,1.1,0.2,1.6,0.455,0.371,0.797,22.3,15.2,5.6,4.1,1.2,0.2,1.8,11.0,31.3,0.416,0.371,0.833,24.5,2.2,True
16,Kon Knueppel,CHO,SF,20.0,10.02,3.1,8.0,2.8,0.3094,0.8842857142857142,2.216,0.2212,27.37,-17.35,Elite Value,18.5,31.5,81,81,31.5,18.5,5.3,3.4,0.7,0.2,2.0,0.475,0.425,0.863,26.1,,,,,,,,,,,,,,False
17,Jordan Goodwin,PHO,PG,27.0,2.35,1.5,3.9,1.8,0.6383,0.9902777777777776,0.51,0.217,17.34,-14.99,Elite Value,8.7,22.5,70,70,22.5,8.7,4.9,2.2,1.5,0.2,1.0,0.413,0.371,0.696,16.5,,,,,,,,,,,,,,False
18,Cason Wallace,OKC,SG,22.0,5.82,1.7,5.2,1.2,0.2921,0.4457142857142857,1.254,0.2155,18.6,-12.78,Elite Value,8.6,26.6,77,77,26.6,8.6,3.1,2.6,1.9,0.4,0.9,0.432,0.351,0.809,15.7,9.5,3.4,2.9,2.1,0.4,1.0,7.0,28.1,0.425,0.345,0.822,17.3,1.6,True
19,Dyson Daniels,ATL,SG,22.0,7.71,2.1,6.6,1.3,0.2724,0.4457142857142857,1.654,0.2145,21.1,-13.39,Elite Value,11.9,33.2,76,76,33.2,11.9,6.8,5.9,2.0,0.4,1.8,0.517,0.188,0.615,25.2,,,,,,,,,,,,,,False
20,Donovan Clingan,POR,C,21.0,7.18,2.6,8.6,3.0,0.3621,1.0864864864864865,1.514,0.2109,24.24,-17.06,Elite Value,12.1,27.2,77,77,27.2,12.1,11.6,2.1,0.6,1.7,1.2,0.52,0.341,0.68,26.9,,,,,,,,,,,,,,False
21,Reed Sheppard,HOU,SG,21.0,10.6,2.5,5.9,2.7,0.2358,0.4457142857142857,2.054,0.1938,23.61,-13.01,Elite Value,13.5,26.2,82,82,26.2,13.5,2.9,3.4,1.5,0.7,1.5,0.43,0.394,0.802,20.5,,,,,,,,,,,,,,False
22,Deni Avdija,POR,SF,25.0,14.38,3.5,7.0,4.3,0.2434,0.8842857142857142,2.616,0.1819,29.87,-15.49,Elite Value,24.2,33.3,66,66,33.3,24.2,6.9,6.7,0.8,0.6,3.8,0.462,0.318,0.802,35.4,,,,,,,,,,,,,,False
23,Chet Holmgren,OKC,PF,23.0,13.73,3.1,9.1,4.2,0.2258,0.61375,2.486,0.1811,27.37,-13.64,Elite Value,17.1,28.9,69,69,28.9,17.1,8.9,1.7,0.6,1.9,1.6,0.557,0.362,0.792,28.6,18.6,9.7,1.8,0.7,2.1,1.7,20.0,32.5,0.559,0.326,0.826,31.2,2.6,True
24,Shai Gilgeous-Alexander,OKC,PG,27.0,38.33,7.8,15.2,11.7,0.2035,0.9902777777777776,6.81,0.1777,56.82,-18.49,Elite Value,31.1,33.2,68,68,33.2,31.1,4.3,6.6,1.4,0.8,2.2,0.553,0.386,0.879,42.0,37.0,5.1,7.9,1.7,1.0,2.6,19.0,36.2,0.551,0.339,0.832,50.1,8.1,True
25,Baylor Scheierman,BOS,SG,25.0,2.62,0.9,3.8,0.6,0.3435,0.4457142857142857,0.454,0.1733,13.58,-10.96,Elite Value,5.5,18.6,77,77,18.6,5.5,3.5,1.5,0.5,0.1,0.6,0.453,0.399,0.903,10.5,5.8,3.7,1.6,0.5,0.1,0.6,4.0,19.5,0.473,0.42,0.895,11.1,0.6,True
26,Ausar Thompson,DET,SF,23.0,8.78,2.4,5.7,3.1,0.2733,0.8842857142857142,1.516,0.1727,22.98,-14.2,Elite Value,9.9,26.0,73,73,26.0,9.9,5.7,3.1,2.0,0.9,1.5,0.525,0.25,0.571,20.1,9.8,5.7,3.1,2.0,0.9,1.5,17.0,29.2,0.534,0.239,0.549,20.0,-0.1,True
27,Josh Minott,BRK,PF,23.0,2.38,1.0,2.4,2.5,0.4202,0.61375,0.386,0.1622,14.21,-11.83,Elite Value,7.4,17.0,49,49,17.0,7.4,3.2,0.9,0.9,0.5,0.9,0.5,0.418,0.787,12.0,,,,,,,,,,,,,,False
28,Kel'el Ware,MIA,C,21.0,4.44,1.8,6.2,2.1,0.4054,1.0864864864864865,0.714,0.1608,19.22,-14.78,Elite Value,11.1,22.1,77,77,22.1,11.1,9.0,0.7,0.8,1.1,0.8,0.53,0.395,0.74,21.9,11.9,9.7,0.8,0.9,1.2,0.9,5.0,23.1,0.547,0.364,0.743,23.6,1.7,True
29,Nikola Jokić,DEN,C,30.0,55.22,9.2,14.9,14.2,0.1666,1.0864864864864865,8.114,0.1469,65.59,-10.37,Elite Value,27.7,34.8,65,65,34.8,27.7,12.9,10.7,1.4,0.8,3.7,0.569,0.38,0.831,49.8,28.3,13.2,10.9,1.4,0.8,3.8,18.0,37.2,0.552,0.377,0.817,50.8,1.0,True
30,Oso Ighodaro,PHO,PF,23.0,1.96,0.9,4.7,0.1,0.4592,0.61375,0.286,0.1459,13.58,-11.62,Elite Value,6.5,22.0,82,82,22.0,6.5,5.1,2.3,0.9,0.7,1.2,0.653,0.0,0.453,14.3,,,,,,,,,,,,,,False
31,Ryan Kalkbrenner,CHO,C,24.0,2.3,1.4,5.7,1.8,0.6087,1.0864864864864865,0.314,0.1365,16.72,-14.42,Elite Value,7.6,21.4,69,69,21.4,7.6,5.5,0.8,0.5,1.5,0.9,0.753,0.0,0.716,15.0,,,,,,,,,,,,,,False
32,Jaylon Tyson,CLE,SG,23.0,3.49,0.9,4.0,0.1,0.2579,0.4457142857142857,0.454,0.1301,13.58,-10.09,Elite Value,13.2,26.9,66,66,26.9,13.2,5.1,2.2,0.8,0.4,1.5,0.493,0.446,0.738,20.2,14.4,5.5,2.4,0.9,0.4,1.6,19.0,27.0,0.515,0.48,0.734,22.0,1.8,True
33,Ayo Dosunmu,MIN,SG,26.0,7.52,1.4,4.9,1.0,0.1862,0.4457142857142857,0.954,0.1269,16.72,-9.2,Good Value,14.8,27.3,69,69,27.3,14.8,3.4,3.6,0.8,0.3,1.4,0.517,0.439,0.876,21.5,,,,,,,,,,,,,,False
34,Luka Dončić,LAL,PG,26.0,46.0,6.6,9.5,9.3,0.1435,0.9902777777777776,5.61,0.122,49.3,-3.3,Good Value,33.5,35.8,64,64,35.8,33.5,7.7,8.3,1.6,0.5,4.0,0.476,0.366,0.78,47.6,,,,,,,,,,,,,,False
35,Austin Reaves,LAL,SG,27.0,13.94,2.1,5.6,2.8,0.1506,0.4457142857142857,1.654,0.1187,21.1,-7.16,Good Value,23.3,34.5,51,51,34.5,23.3,4.7,5.5,1.1,0.4,3.0,0.49,0.36,0.871,32.0,,,,,,,,,,,,,,False
36,Tim Hardaway Jr.,DEN,SG,33.0,2.3,0.7,4.4,-0.7,0.3043,0.4457142857142857,0.254,0.1104,12.33,-10.03,Elite Value,13.5,26.6,80,80,26.6,13.5,2.6,1.4,0.5,0.1,0.5,0.447,0.407,0.811,17.6,13.6,2.6,1.4,0.5,0.1,0.5,6.0,27.2,0.488,0.339,0.858,17.7,0.1,True
37,Nickeil Alexander-Walker,ATL,SG,27.0,15.16,2.1,6.3,1.2,0.1385,0.4457142857142857,1.654,0.1091,21.1,-5.94,Good Value,20.8,33.4,78,78,33.4,20.8,3.4,3.7,1.3,0.5,2.1,0.459,0.399,0.902,27.6,,,,,,,,,,,,,,False
38,Derrick White,BOS,SG,31.0,28.1,3.5,7.0,3.2,0.1246,0.4457142857142857,3.054,0.1087,29.87,-1.77,Good Value,16.5,34.1,77,77,34.1,16.5,4.4,5.4,1.1,1.3,1.7,0.394,0.327,0.902,27.0,17.8,4.8,5.8,1.2,1.4,1.8,12.0,33.4,0.37,0.282,0.898,29.2,2.2,True
39,Stephon Castle,SAS,PG,21.0,9.56,2.0,5.8,1.9,0.2092,0.9902777777777776,1.01,0.1056,20.48,-10.92,Elite Value,16.7,30.0,68,68,30.0,16.7,5.3,7.4,1.1,0.3,3.2,0.471,0.332,0.734,27.6,16.6,5.3,7.4,1.1,0.3,3.2,6.0,32.4,0.449,0.304,0.744,27.5,-0.1,True
40,Jaylin Williams,OKC,PF,23.0,8.45,1.5,4.1,2.7,0.1775,0.61375,0.886,0.1049,17.34,-8.89,Good Value,7.2,19.6,65,65,19.6,7.2,5.5,2.4,0.5,0.6,1.0,0.423,0.383,0.793,15.2,8.2,6.2,2.7,0.6,0.7,1.1,14.0,18.6,0.456,0.427,0.787,17.3,2.1,True
41,Miles McBride,NYK,SG,25.0,4.33,0.9,2.7,1.2,0.2079,0.4457142857142857,0.454,0.1048,13.58,-9.25,Good Value,12.0,26.3,41,41,26.3,12.0,2.4,2.6,0.9,0.2,0.8,0.423,0.413,0.787,17.3,12.1,2.4,2.6,0.9,0.2,0.8,21.0,28.1,0.418,0.421,0.789,17.4,0.1,True
42,Donte DiVincenzo,MIN,SG,29.0,11.99,1.7,5.2,0.8,0.1418,0.4457142857142857,1.254,0.1046,18.6,-6.61,Good Value,12.2,30.4,82,82,30.4,12.2,4.1,3.8,1.3,0.4,1.4,0.406,0.379,0.743,20.4,,,,,,,,,,,,,,False
43,Jalen Johnson,ATL,SF,24.0,30.0,4.0,7.5,4.2,0.1333,0.8842857142857142,3.116,0.1039,33.01,-3.01,Good Value,22.5,35.2,72,72,35.2,22.5,10.3,7.9,1.2,0.4,3.4,0.489,0.352,0.788,38.9,,,,,,,,,,,,,,False
44,Tyrese Maxey,PHI,PG,25.0,37.96,4.9,8.7,5.4,0.1291,0.9902777777777776,3.91,0.103,38.65,-0.69,Good Value,28.3,38.0,70,70,38.0,28.3,4.1,6.6,1.9,0.8,2.4,0.462,0.367,0.892,39.3,30.2,4.4,7.0,2.0,0.9,2.6,5.0,38.3,0.497,0.39,0.892,41.9,2.6,True
45,Isaiah Joe,OKC,SG,26.0,12.36,1.7,5.5,2.5,0.1375,0.4457142857142857,1.254,0.1015,18.6,-6.24,Good Value,11.1,21.2,71,71,21.2,11.1,2.5,1.3,0.7,0.2,0.6,0.455,0.423,0.894,15.2,11.2,2.5,1.3,0.7,0.2,0.6,11.0,23.1,0.444,0.389,0.905,15.3,0.1,True
46,Paolo Banchero,ORL,PF,23.0,15.33,2.1,5.0,1.4,0.137,0.61375,1.486,0.0969,21.1,-5.77,Good Value,22.2,34.8,72,72,34.8,22.2,8.4,5.2,0.7,0.6,3.1,0.459,0.305,0.775,34.0,,,,,,,,,,,,,,False
47,Paul Reed,DET,C,26.0,5.34,1.6,4.5,5.3,0.2996,1.0864864864864865,0.514,0.0963,17.97,-12.63,Elite Value,7.8,13.9,65,65,13.9,7.8,4.5,1.2,0.9,0.9,0.9,0.617,0.325,0.664,14.4,8.4,4.9,1.3,1.0,1.0,1.0,22.0,14.8,0.653,0.291,0.693,15.6,1.2,True
48,Craig Porter Jr.,CLE,PG,25.0,2.22,1.2,2.8,2.0,0.5405,0.9902777777777776,0.21,0.0946,15.46,-13.24,Elite Value,4.5,17.9,64,64,17.9,4.5,3.4,3.2,0.9,0.6,0.9,0.45,0.355,0.6,11.7,4.8,3.6,3.4,1.0,0.6,1.0,9.0,20.2,0.453,0.368,0.641,12.4,0.7,True
49,Mikal Bridges,NYK,SF,29.0,24.9,3.2,8.0,2.7,0.1285,0.8842857142857142,2.316,0.093,28.0,-3.1,Good Value,14.4,32.8,82,82,32.8,14.4,3.8,3.7,1.3,0.8,1.0,0.49,0.371,0.827,23.0,16.1,4.3,4.1,1.5,0.9,1.1,6.0,34.9,0.496,0.373,0.835,25.8,2.8,True
50,Scottie Barnes,TOR,PF,24.0,38.66,4.2,7.8,4.2,0.1086,0.61375,3.586,0.0928,34.26,4.4,Good Value,18.1,33.5,80,80,33.5,18.1,7.5,5.9,1.4,1.5,2.6,0.507,0.304,0.815,31.8,,,,,,,,,,,,,,False
51,Kawhi Leonard,LAC,SF,34.0,50.0,5.3,9.2,8.0,0.106,0.8842857142857142,4.416,0.0883,41.15,8.85,Poor Value,27.9,32.1,65,65,32.1,27.9,6.4,3.6,1.9,0.4,2.0,0.505,0.387,0.892,38.2,31.7,7.3,4.1,2.2,0.5,2.3,13.0,29.7,0.544,0.403,0.907,43.5,5.3,True
52,Saddiq Bey,NOP,SF,26.0,6.12,1.4,5.4,0.5,0.2288,0.8842857142857142,0.516,0.0843,16.72,-10.6,Elite Value,17.7,31.2,72,72,31.2,17.7,5.6,2.5,0.9,0.1,0.9,0.451,0.367,0.841,25.9,,,,,,,,,,,,,,False
53,Jalen Williams,OKC,SG,24.0,6.58,1.0,3.0,2.1,0.152,0.4457142857142857,0.554,0.0842,14.21,-7.63,Good Value,17.1,28.4,33,33,28.4,17.1,4.6,5.5,1.2,0.3,1.9,0.484,0.299,0.837,26.8,20.4,5.5,6.6,1.4,0.4,2.3,13.0,28.9,0.475,0.293,0.808,32.0,5.2,True
54,Luke Kornet,SAS,C,30.0,11.0,2.0,6.9,3.6,0.1818,1.0864864864864865,0.914,0.0831,20.48,-9.48,Good Value,6.5,21.0,68,68,21.0,6.5,6.1,1.9,0.5,1.0,0.4,0.643,,0.825,15.6,6.6,6.2,1.9,0.5,1.0,0.4,16.0,19.9,0.619,,0.823,15.8,0.2,True
55,Josh Hart,NYK,SF,30.0,19.47,2.5,6.1,3.0,0.1284,0.8842857142857142,1.616,0.083,23.61,-4.14,Good Value,12.0,30.2,66,66,30.2,12.0,7.4,4.8,1.1,0.3,1.9,0.508,0.413,0.72,23.7,12.3,7.6,4.9,1.1,0.3,1.9,9.0,29.9,0.497,0.418,0.744,24.3,0.6,True
56,Marvin Bagley III,DAL,PF,26.0,2.3,0.8,3.8,0.8,0.3478,0.61375,0.186,0.0809,12.96,-10.66,Elite Value,10.5,20.0,60,60,20.0,10.5,6.1,1.4,0.5,0.7,1.0,0.618,0.462,0.66,18.2,10.0,5.8,1.3,0.5,0.7,0.9,22.0,22.2,0.629,0.485,0.682,17.4,-0.8,True
56,Donovan Mitchell,CLE,SG,29.0,46.39,4.2,8.2,5.1,0.0905,0.4457142857142857,3.754,0.0809,34.26,12.13,Poor Value,27.9,33.5,70,70,33.5,27.9,4.5,5.7,1.5,0.3,2.8,0.483,0.364,0.865,37.1,32.1,5.2,6.6,1.7,0.3,3.2,13.0,35.5,0.444,0.388,0.87,42.7,5.6,True
58,Cooper Flagg,DAL,SF,19.0,13.83,2.0,3.8,1.4,0.1446,0.8842857142857142,1.116,0.0807,20.48,-6.65,Good Value,21.0,33.5,70,70,33.5,21.0,6.7,4.5,1.2,0.9,2.3,0.468,0.295,0.827,32.0,23.9,7.6,5.1,1.4,1.0,2.6,9.0,32.8,0.484,0.246,0.849,36.4,4.4,True
59,Cade Cunningham,DET,PG,24.0,46.39,4.6,7.9,6.3,0.0992,0.9902777777777776,3.61,0.0778,36.77,9.62,Poor Value,23.9,33.9,64,64,33.9,23.9,5.5,9.9,1.4,0.8,3.7,0.461,0.342,0.812,37.8,26.1,6.0,10.8,1.5,0.9,4.0,22.0,32.5,0.448,0.275,0.824,41.3,3.5,True
60,Ryan Rollins,MIL,PG,23.0,4.0,1.3,3.4,0.2,0.325,0.9902777777777776,0.31,0.0775,16.09,-12.09,Elite Value,17.3,32.1,74,74,32.1,17.3,4.6,5.6,1.5,0.4,2.7,0.472,0.406,0.796,26.7,16.6,4.4,5.4,1.4,0.4,2.6,21.0,32.8,0.501,0.436,0.826,25.6,-1.1,True
61,Alperen Şengün,HOU,C,23.0,33.94,3.7,8.0,4.2,0.109,1.0864864864864865,2.614,0.077,31.13,2.81,Good Value,20.4,33.3,72,72,33.3,20.4,8.9,6.2,1.2,1.1,3.2,0.519,0.305,0.691,34.6,,,,,,,,,,,,,,False
62,Brandon Miller,CHO,SF,23.0,11.97,1.8,4.5,1.6,0.1504,0.8842857142857142,0.916,0.0765,19.22,-7.25,Good Value,20.2,30.3,65,65,30.3,20.2,4.9,3.3,1.0,0.7,2.5,0.435,0.383,0.892,27.6,,,,,,,,,,,,,,False
63,Keyonte George,UTA,PG,22.0,4.28,1.3,3.3,0.9,0.3037,0.9902777777777776,0.31,0.0724,16.09,-11.81,Elite Value,23.6,33.1,54,54,33.1,23.6,3.7,6.1,1.1,0.3,3.1,0.456,0.371,0.892,31.7,,,,,,,,,,,,,,False
64,Kevin Durant,HOU,SF,37.0,54.71,4.7,10.7,4.5,0.0859,0.8842857142857142,3.816,0.0697,37.39,17.32,Overpaid,26.0,36.4,78,78,36.4,26.0,5.5,4.8,0.8,0.9,3.2,0.52,0.413,0.874,34.8,,,,,,,,,,,,,,False
65,Dylan Harper,SAS,SG,19.0,12.37,1.3,4.2,1.4,0.1051,0.4457142857142857,0.854,0.069,16.09,-3.72,Good Value,11.8,22.6,69,69,22.6,11.8,3.4,3.9,0.8,0.3,1.4,0.505,0.343,0.756,18.8,11.4,3.3,3.8,0.8,0.3,1.3,13.0,21.4,0.445,0.379,0.763,18.3,-0.5,True
66,Trey Murphy III,NOP,SF,25.0,25.0,2.6,6.0,2.4,0.104,0.8842857142857142,1.716,0.0686,24.24,0.76,Good Value,21.5,35.5,66,66,35.5,21.5,5.7,3.8,1.5,0.4,1.8,0.47,0.379,0.886,31.1,,,,,,,,,,,,,,False
67,Sam Hauser,BOS,PF,28.0,10.04,1.3,5.0,0.6,0.1295,0.61375,0.686,0.0683,16.09,-6.05,Good Value,9.2,24.8,78,78,24.8,9.2,3.8,1.5,0.5,0.3,0.4,0.419,0.393,0.85,14.9,9.9,4.1,1.6,0.5,0.3,0.4,4.0,24.3,0.399,0.362,0.841,16.0,1.1,True
68,Jamal Murray,DEN,PG,28.0,46.39,4.1,9.5,4.1,0.0884,0.9902777777777776,3.11,0.067,33.63,12.76,Poor Value,25.4,35.4,75,75,35.4,25.4,4.4,7.1,0.9,0.4,2.3,0.483,0.435,0.887,35.9,29.5,5.1,8.2,1.0,0.5,2.7,15.0,36.8,0.441,0.379,0.895,41.6,5.7,True
68,Keon Ellis,CLE,SG,26.0,2.3,0.6,2.2,-0.5,0.2609,0.4457142857142857,0.154,0.067,11.71,-9.41,Good Value,6.7,20.5,72,72,20.5,6.7,1.9,1.0,1.2,0.6,0.6,0.44,0.363,0.729,10.8,7.0,2.0,1.1,1.3,0.6,0.6,14.0,22.3,0.419,0.366,0.656,11.4,0.6,True
68,Anthony Edwards,MIN,SG,24.0,45.55,3.5,6.5,4.5,0.0768,0.4457142857142857,3.054,0.067,29.87,15.68,Overpaid,28.8,35.0,61,61,35.0,28.8,5.0,3.7,1.4,0.8,2.9,0.489,0.399,0.796,36.8,,,,,,,,,,,,,,False
71,James Harden,CLE,PG,36.0,39.18,3.6,7.7,3.9,0.0919,0.9902777777777776,2.61,0.0666,30.5,8.68,Poor Value,23.6,34.8,70,70,34.8,23.6,4.8,8.0,1.1,0.4,3.5,0.434,0.375,0.884,34.4,24.6,5.0,8.4,1.1,0.4,3.7,6.0,36.8,0.44,0.403,0.894,35.8,1.4,True
72,Jalen Brunson,NYK,PG,29.0,34.94,3.3,8.8,3.1,0.0944,0.9902777777777776,2.31,0.0661,28.62,6.32,Poor Value,26.0,35.0,74,74,35.0,26.0,3.3,6.8,0.8,0.1,2.4,0.467,0.369,0.841,34.6,28.8,3.7,7.5,0.9,0.1,2.7,16.0,30.9,0.463,0.423,0.75,38.3,3.7,True
73,Tre Jones,CHI,PG,26.0,8.0,1.5,5.7,1.3,0.1875,0.9902777777777776,0.51,0.0638,17.34,-9.34,Good Value,14.1,27.0,65,65,27.0,14.1,3.1,5.4,1.2,0.2,1.4,0.553,0.315,0.841,22.6,,,,,,,,,,,,,,False
74,LaMelo Ball,CHO,PG,24.0,37.96,3.4,6.2,4.7,0.0896,0.9902777777777776,2.41,0.0635,29.25,8.71,Poor Value,20.1,28.0,72,72,28.0,20.1,4.8,7.1,1.2,0.2,2.8,0.407,0.368,0.899,30.6,,,,,,,,,,,,,,False
75,Grayson Allen,PHO,SG,30.0,16.88,1.5,3.9,2.1,0.0889,0.4457142857142857,1.054,0.0624,17.34,-0.46,Good Value,16.5,28.8,51,51,28.8,16.5,3.0,3.8,1.4,0.3,1.6,0.403,0.349,0.857,23.4,,,,,,,,,,,,,,False
76,Collin Murray-Boyles,TOR,PF,20.0,6.33,1.0,4.0,1.0,0.158,0.61375,0.386,0.061,14.21,-7.88,Good Value,8.5,21.9,57,57,21.9,8.5,5.0,1.9,0.9,0.9,1.0,0.579,0.34,0.657,16.2,,,,,,,,,,,,,,False
77,Royce O'Neale,PHO,SF,32.0,10.12,1.5,4.6,0.7,0.1482,0.8842857142857142,0.616,0.0609,17.34,-7.22,Good Value,9.8,28.4,78,78,28.4,9.8,4.8,2.7,1.1,0.4,1.3,0.421,0.408,0.711,17.5,,,,,,,,,,,,,,False
78,Kevin Porter Jr.,MIL,PG,25.0,5.13,1.3,2.8,2.1,0.2534,0.9902777777777776,0.31,0.0604,16.09,-10.96,Elite Value,17.4,33.2,38,38,33.2,17.4,5.2,7.4,2.2,0.5,2.9,0.465,0.322,0.878,29.8,18.1,5.4,7.7,2.3,0.5,3.0,19.0,34.5,0.459,0.337,0.835,31.0,1.2,True
79,John Konchar,UTA,SG,29.0,6.16,0.8,2.4,0.9,0.1299,0.4457142857142857,0.354,0.0575,12.96,-6.8,Good Value,4.4,19.9,56,56,19.9,4.4,4.3,2.1,1.5,0.7,0.6,0.472,0.283,0.727,12.4,,,,,,,,,,,,,,False
80,Jaime Jaquez Jr.,MIA,SF,24.0,3.86,1.1,4.2,0.1,0.285,0.8842857142857142,0.216,0.056,14.84,-10.98,Elite Value,15.4,28.3,75,75,28.3,15.4,5.0,4.7,0.7,0.3,2.0,0.507,0.317,0.769,24.1,16.0,5.2,4.9,0.7,0.3,2.1,6.0,29.0,0.503,0.306,0.78,25.0,0.9,True
81,Julius Randle,MIN,PF,31.0,30.86,2.3,7.4,1.5,0.0745,0.61375,1.686,0.0546,22.36,8.5,Poor Value,21.1,33.0,79,79,33.0,21.1,6.7,5.0,1.1,0.2,2.7,0.481,0.315,0.802,31.4,,,,,,,,,,,,,,False
82,Norman Powell,MIA,SG,32.0,20.48,1.5,4.0,1.6,0.0732,0.4457142857142857,1.054,0.0515,17.34,3.14,Good Value,21.7,29.6,58,58,29.6,21.7,3.5,2.5,1.1,0.2,1.9,0.47,0.38,0.827,27.1,24.0,3.9,2.8,1.2,0.2,2.1,17.0,30.9,0.475,0.353,0.839,30.0,2.9,True
83,Miles Bridges,CHO,PF,27.0,25.0,1.9,6.5,1.1,0.076,0.61375,1.286,0.0514,19.85,5.15,Poor Value,17.1,31.0,77,77,31.0,17.1,5.8,3.2,0.6,0.4,1.4,0.46,0.333,0.822,25.7,,,,,,,,,,,,,,False
84,Desmond Bane,ORL,SG,27.0,36.73,2.3,7.4,1.4,0.0626,0.4457142857142857,1.854,0.0505,22.36,14.37,Poor Value,20.1,33.6,82,82,33.6,20.1,4.1,4.1,1.0,0.5,2.0,0.484,0.391,0.908,27.8,,,,,,,,,,,,,,False
85,Mark Williams,PHO,C,24.0,6.28,1.4,6.3,2.0,0.2229,1.0864864864864865,0.314,0.05,16.72,-10.44,Elite Value,11.7,23.6,60,60,23.6,11.7,8.0,1.0,0.9,0.9,1.1,0.644,1.0,0.771,21.4,,,,,,,,,,,,,,False
86,VJ Edgecombe,PHI,SG,20.0,11.11,1.0,4.4,-0.5,0.09,0.4457142857142857,0.554,0.0499,14.21,-3.1,Good Value,16.0,35.0,75,75,35.0,16.0,5.6,4.2,1.4,0.5,1.8,0.438,0.354,0.818,25.9,16.6,5.8,4.4,1.5,0.5,1.9,6.0,39.1,0.413,0.354,0.789,26.9,1.0,True
87,Bones Hyland,MIN,PG,25.0,2.3,1.1,3.1,1.7,0.4783,0.9902777777777776,0.11,0.0478,14.84,-12.54,Elite Value,8.5,16.6,71,71,16.6,8.5,1.8,2.6,0.6,0.2,1.0,0.453,0.388,0.78,12.7,,,,,,,,,,,,,,False
88,Immanuel Quickley,TOR,PG,26.0,32.5,2.5,6.5,2.4,0.0769,0.9902777777777776,1.51,0.0465,23.61,8.89,Poor Value,16.4,31.9,70,70,31.9,16.4,4.0,5.9,1.3,0.1,1.5,0.443,0.374,0.821,26.2,,,,,,,,,,,,,,False
89,Luka Garza,BOS,C,27.0,2.46,1.2,5.3,2.4,0.4878,1.0864864864864865,0.114,0.0463,15.46,-13.0,Elite Value,8.1,16.2,69,69,16.2,8.1,4.1,1.0,0.4,0.4,0.7,0.577,0.433,0.769,13.3,8.8,4.4,1.1,0.4,0.4,0.8,18.0,14.5,0.595,0.424,0.751,14.3,1.0,True
90,Robert Williams,POR,C,28.0,13.29,1.7,4.5,4.5,0.1279,1.0864864864864865,0.614,0.0462,18.6,-5.31,Good Value,6.7,17.1,59,59,17.1,6.7,7.0,1.0,0.6,1.5,0.8,0.708,0.391,0.596,16.0,,,,,,,,,,,,,,False
91,Jaylen Brown,BOS,SF,29.0,53.14,3.3,6.9,3.3,0.0621,0.8842857142857142,2.416,0.0455,28.62,24.52,Overpaid,28.7,34.4,71,71,34.4,28.7,6.9,5.1,1.0,0.4,3.6,0.477,0.347,0.795,38.5,31.4,7.5,5.6,1.1,0.4,3.9,11.0,33.9,0.494,0.317,0.829,42.1,3.6,True
92,Cedric Coward,MEM,SG,22.0,5.72,0.7,2.5,-0.2,0.1224,0.4457142857142857,0.254,0.0444,12.33,-6.61,Good Value,13.6,25.8,62,62,25.8,13.6,5.9,2.8,0.6,0.4,1.7,0.471,0.338,0.843,21.6,14.1,6.1,2.9,0.6,0.4,1.8,4.0,27.2,0.481,0.399,0.831,22.3,0.7,True
93,Giannis Antetokounmpo,MIL,PF,31.0,54.13,3.0,5.0,9.5,0.0554,0.61375,2.386,0.0441,26.74,27.39,Overpaid,27.6,28.9,36,36,28.9,27.6,9.8,5.4,0.9,0.7,3.2,0.624,0.333,0.65,41.2,31.2,11.1,6.1,1.0,0.8,3.6,22.0,26.7,0.638,0.387,0.706,46.6,5.4,True
94,Evan Mobley,CLE,PF,24.0,46.39,2.6,6.5,3.0,0.056,0.61375,1.986,0.0428,24.24,22.15,Overpaid,18.2,31.9,65,65,31.9,18.2,9.0,3.6,0.7,1.7,1.9,0.546,0.297,0.606,31.3,17.3,8.6,3.4,0.7,1.6,1.8,7.0,35.4,0.553,0.331,0.606,29.8,-1.5,True
95,Zion Williamson,NOP,PF,25.0,39.45,2.3,6.1,2.9,0.0583,0.61375,1.686,0.0427,22.36,17.09,Overpaid,21.0,29.7,62,62,29.7,21.0,5.7,3.2,1.0,0.5,2.0,0.6,0.25,0.716,29.4,,,,,,,,,,,,,,False
96,OG Anunoby,NYK,PF,28.0,39.57,2.3,6.3,2.0,0.0581,0.61375,1.686,0.0426,22.36,17.21,Overpaid,16.7,33.2,67,67,33.2,16.7,5.2,2.2,1.6,0.7,1.8,0.484,0.386,0.828,24.6,17.3,5.4,2.3,1.7,0.7,1.9,15.0,34.6,0.535,0.358,0.838,25.5,0.9,True
97,Ja'Kobe Walter,TOR,SG,21.0,3.64,0.6,3.7,-0.3,0.1648,0.4457142857142857,0.154,0.0423,11.71,-8.07,Good Value,7.5,20.5,72,72,20.5,7.5,2.6,1.2,1.0,0.2,0.5,0.446,0.409,0.789,12.0,,,,,,,,,,,,,,False
98,Luke Kennard,LAL,SG,29.0,11.0,0.9,4.5,0.1,0.0818,0.4457142857142857,0.454,0.0413,13.58,-2.58,Good Value,8.4,21.6,78,78,21.6,8.4,2.3,2.2,0.7,0.1,0.8,0.533,0.478,0.913,12.9,,,,,,,,,,,,,,False
99,Josh Giddey,CHI,PG,23.0,25.0,2.0,3.2,2.7,0.08,0.9902777777777776,1.01,0.0404,20.48,4.52,Good Value,17.0,32.1,54,54,32.1,17.0,8.3,9.1,1.0,0.5,3.6,0.448,0.364,0.763,32.3,,,,,,,,,,,,,,False
100,Ty Jerome,MEM,SG,28.0,8.78,0.8,1.3,7.7,0.0911,0.4457142857142857,0.354,0.0403,12.96,-4.18,Good Value,19.7,22.6,15,15,22.6,19.7,2.8,5.7,1.1,0.3,1.8,0.474,0.42,0.875,27.8,19.2,2.7,5.6,1.1,0.3,1.8,7.0,24.2,0.472,0.446,0.915,27.1,-0.7,True
101,Mitchell Robinson,NYK,C,27.0,12.95,1.6,5.8,3.5,0.1236,1.0864864864864865,0.514,0.0397,17.97,-5.02,Good Value,5.7,19.6,60,60,19.6,5.7,8.8,0.9,0.9,1.2,0.7,0.723,,0.408,16.8,5.6,8.7,0.9,0.9,1.2,0.7,21.0,19.3,0.715,,0.411,16.6,-0.2,True
102,Jordan Walsh,BOS,PF,21.0,2.22,0.7,3.8,0.2,0.3153,0.61375,0.086,0.0387,12.33,-10.11,Elite Value,5.4,17.8,68,68,17.8,5.4,4.0,0.8,0.7,0.5,0.5,0.509,0.384,0.772,10.9,5.3,4.0,0.8,0.7,0.5,0.5,18.0,19.0,0.49,0.397,0.747,10.8,-0.1,True
102,Toumani Camara,POR,PF,25.0,2.22,0.7,4.8,-1.0,0.3153,0.61375,0.086,0.0387,12.33,-10.11,Elite Value,13.4,33.3,82,82,33.3,13.4,5.1,2.5,1.1,0.4,1.8,0.44,0.37,0.708,20.7,,,,,,,,,,,,,,False
104,De'Aaron Fox,SAS,PG,28.0,37.1,2.4,6.4,2.2,0.0647,0.9902777777777776,1.41,0.038,22.98,14.12,Poor Value,18.6,31.0,72,72,31.0,18.6,3.8,6.2,1.2,0.3,2.3,0.486,0.332,0.76,27.8,22.0,4.5,7.3,1.4,0.4,2.7,19.0,33.6,0.46,0.369,0.757,32.9,5.1,True
105,Karl-Anthony Towns,NYK,C,30.0,53.14,3.1,9.5,3.3,0.0583,1.0864864864864865,2.014,0.0379,27.37,25.77,Overpaid,20.1,31.0,75,75,31.0,20.1,11.9,3.0,0.9,0.5,2.5,0.501,0.368,0.858,33.9,20.4,12.1,3.0,0.9,0.5,2.5,12.0,32.1,0.47,0.387,0.857,34.4,0.5,True
106,Duncan Robinson,DET,SF,31.0,16.83,1.5,6.1,0.8,0.0891,0.8842857142857142,0.616,0.0366,17.34,-0.51,Good Value,12.2,27.4,77,77,27.4,12.2,2.7,2.1,0.6,0.3,0.7,0.456,0.41,0.755,17.2,13.6,3.0,2.3,0.7,0.3,0.8,12.0,28.3,0.434,0.432,0.721,19.1,1.9,True
107,LeBron James,LAL,SF,41.0,52.63,2.8,5.4,3.5,0.0532,0.8842857142857142,1.916,0.0364,25.49,27.14,Overpaid,20.9,33.2,60,60,33.2,20.9,6.1,7.2,1.2,0.6,3.0,0.515,0.317,0.737,33.0,,,,,,,,,,,,,,False
108,Jarrett Allen,CLE,C,27.0,20.0,1.8,6.4,2.6,0.09,1.0864864864864865,0.714,0.0357,19.22,0.78,Good Value,15.4,27.1,56,56,27.1,15.4,8.5,1.8,1.0,0.8,1.3,0.638,0.1,0.709,26.2,14.0,7.7,1.6,0.9,0.7,1.2,16.0,28.1,0.636,0.119,0.703,23.7,-2.5,True
109,Bam Adebayo,MIA,C,28.0,37.1,2.4,6.4,2.0,0.0647,1.0864864864864865,1.314,0.0354,22.98,14.12,Poor Value,20.1,32.4,73,73,32.4,20.1,10.0,3.2,1.2,0.7,1.6,0.442,0.318,0.778,33.6,20.8,10.4,3.3,1.2,0.7,1.7,18.0,31.4,0.45,0.328,0.759,34.7,1.1,True
110,Devin Booker,PHO,SG,29.0,53.14,2.3,6.5,2.2,0.0433,0.4457142857142857,1.854,0.0349,22.36,30.78,Overpaid,26.1,33.5,64,64,33.5,26.1,3.9,6.0,0.8,0.3,3.1,0.456,0.33,0.873,34.0,,,,,,,,,,,,,,False
111,Collin Sexton,CHI,SG,27.0,18.98,1.1,3.9,0.6,0.058,0.4457142857142857,0.654,0.0345,14.84,4.14,Good Value,15.4,23.7,68,68,23.7,15.4,2.3,3.3,1.1,0.1,2.1,0.485,0.401,0.855,20.1,,,,,,,,,,,,,,False
112,Onyeka Okongwu,ATL,C,25.0,15.0,1.6,6.0,0.7,0.1067,1.0864864864864865,0.514,0.0343,17.97,-2.97,Good Value,15.2,31.0,74,74,31.0,15.2,7.6,3.1,1.1,1.1,1.7,0.48,0.376,0.757,26.4,,,,,,,,,,,,,,False
113,Tobias Harris,DET,PF,33.0,26.63,1.5,5.3,1.4,0.0563,0.61375,0.886,0.0333,17.34,9.29,Poor Value,13.3,27.7,63,63,27.7,13.3,5.1,2.5,0.9,0.4,1.0,0.469,0.368,0.866,21.2,13.9,5.3,2.6,0.9,0.4,1.0,20.0,28.0,0.47,0.314,0.889,22.1,0.9,True
114,Michael Porter Jr.,BRK,SF,27.0,38.33,2.1,2.9,3.0,0.0548,0.8842857142857142,1.216,0.0317,21.1,17.23,Overpaid,24.2,32.5,52,52,32.5,24.2,7.1,3.0,1.1,0.3,2.3,0.463,0.363,0.859,33.4,,,,,,,,,,,,,,False
115,Devin Vassell,SAS,SG,25.0,27.0,1.3,4.9,0.5,0.0481,0.4457142857142857,0.854,0.0316,16.09,10.91,Poor Value,13.9,30.5,67,67,30.5,13.9,4.0,2.5,0.9,0.4,0.9,0.437,0.384,0.815,20.8,15.0,4.3,2.7,1.0,0.4,1.0,4.0,30.8,0.418,0.387,0.816,22.4,1.6,True
116,Alex Caruso,OKC,SG,31.0,18.1,1.0,2.5,1.9,0.0552,0.4457142857142857,0.554,0.0306,14.21,3.89,Good Value,6.2,18.2,56,56,18.2,6.2,2.8,2.0,1.3,0.3,0.9,0.423,0.293,0.804,11.7,6.7,3.0,2.2,1.4,0.3,1.0,16.0,19.0,0.446,0.276,0.797,12.6,0.9,True
116,Matisse Thybulle,POR,SG,28.0,11.55,0.8,1.3,4.4,0.0693,0.4457142857142857,0.354,0.0306,12.96,-1.41,Good Value,5.8,16.0,30,30,16.0,5.8,2.0,0.9,2.0,0.5,0.9,0.433,0.398,0.84,10.3,,,,,,,,,,,,,,False
118,Sam Merrill,CLE,SG,29.0,8.48,0.7,3.7,0.1,0.0825,0.4457142857142857,0.254,0.03,12.33,-3.85,Good Value,12.8,26.5,52,52,26.5,12.8,2.6,2.4,0.6,0.1,0.8,0.461,0.421,0.855,17.7,13.8,2.8,2.6,0.6,0.1,0.9,6.0,28.6,0.479,0.383,0.852,19.0,1.3,True
119,Keldon Johnson,SAS,SF,26.0,17.5,1.4,6.4,0.9,0.08,0.8842857142857142,0.516,0.0295,16.72,0.78,Good Value,13.2,23.3,82,82,23.3,13.2,5.4,1.4,0.6,0.1,0.9,0.519,0.363,0.794,19.8,13.3,5.4,1.4,0.6,0.1,0.9,9.0,22.3,0.515,0.413,0.8,19.9,0.1,True
120,Andrew Wiggins,MIA,SF,30.0,28.22,1.7,4.6,1.2,0.0602,0.8842857142857142,0.816,0.0289,18.6,9.62,Poor Value,15.4,30.3,68,68,30.3,15.4,4.8,2.7,1.1,1.0,1.5,0.475,0.414,0.784,23.5,15.5,4.8,2.7,1.1,1.0,1.5,19.0,30.7,0.459,0.466,0.799,23.6,0.1,True
121,Santi Aldama,MEM,PF,25.0,18.49,1.1,2.3,1.7,0.0595,0.61375,0.486,0.0263,14.84,3.65,Good Value,14.0,27.9,43,43,27.9,14.0,6.7,2.9,0.9,0.7,1.3,0.479,0.35,0.667,23.9,15.3,7.3,3.2,1.0,0.8,1.4,8.0,30.9,0.493,0.391,0.642,26.2,2.3,True
122,Jimmy Butler,GSW,SF,36.0,54.13,2.3,5.7,5.5,0.0425,0.8842857142857142,1.416,0.0262,22.36,31.77,Overpaid,20.0,31.1,38,38,31.1,20.0,5.6,4.9,1.4,0.2,1.6,0.519,0.376,0.864,30.5,20.9,5.8,5.1,1.5,0.2,1.7,19.0,30.3,0.524,0.384,0.838,31.8,1.3,True
123,Stephen Curry,GSW,PG,37.0,59.61,2.5,4.1,5.4,0.0419,0.9902777777777776,1.51,0.0253,23.61,36.0,Overpaid,26.6,30.9,43,43,30.9,26.6,3.6,4.7,1.1,0.4,2.8,0.468,0.393,0.923,33.6,25.6,3.5,4.5,1.1,0.4,2.7,12.0,30.0,0.432,0.434,0.951,32.4,-1.2,True
124,Isaiah Hartenstein,OKC,C,27.0,28.5,1.8,5.3,4.2,0.0632,1.0864864864864865,0.714,0.0251,19.22,9.28,Poor Value,9.2,24.2,47,47,24.2,9.2,9.4,3.5,1.0,0.8,1.7,0.622,0.0,0.61,22.2,8.8,9.0,3.3,1.0,0.8,1.6,8.0,25.0,0.62,0.0,0.6,21.3,-0.9,True
125,Nikola Vučević,BOS,C,35.0,21.48,1.6,4.4,1.5,0.0745,1.0864864864864865,0.514,0.0239,17.97,3.51,Good Value,15.1,28.4,64,64,28.4,15.1,8.4,3.3,0.6,0.6,1.3,0.493,0.369,0.828,26.7,14.6,8.1,3.2,0.6,0.6,1.3,10.0,30.4,0.5,0.375,0.793,25.8,-0.9,True
126,Landry Shamet,NYK,SG,28.0,2.3,0.5,2.6,-0.3,0.2174,0.4457142857142857,0.054,0.0235,11.08,-8.78,Good Value,9.3,23.0,51,51,23.0,9.3,1.8,1.4,0.6,0.2,0.6,0.437,0.392,0.711,12.7,9.7,1.9,1.5,0.6,0.2,0.6,14.0,23.5,0.415,0.359,0.722,13.3,0.6,True
127,Jabari Smith Jr.,HOU,PF,22.0,12.35,0.9,6.6,-0.7,0.0729,0.61375,0.286,0.0232,13.58,-1.23,Good Value,15.8,35.1,77,77,35.1,15.8,6.9,1.9,0.7,0.9,1.4,0.45,0.363,0.775,24.8,,,,,,,,,,,,,,False
128,Jalen Suggs,ORL,PG,24.0,35.0,1.8,2.7,2.5,0.0514,0.9902777777777776,0.81,0.0231,19.22,15.78,Overpaid,13.8,27.6,57,57,27.6,13.8,3.9,5.5,1.8,0.7,2.7,0.435,0.339,0.855,23.0,,,,,,,,,,,,,,False
129,Moses Moody,GSW,SG,23.0,11.57,0.7,3.1,-0.1,0.0605,0.4457142857142857,0.254,0.022,12.33,-0.76,Good Value,12.1,25.7,60,60,25.7,12.1,3.3,1.6,1.0,0.6,1.0,0.44,0.401,0.77,17.6,12.4,3.4,1.6,1.0,0.6,1.0,18.0,28.3,0.445,0.413,0.782,18.0,0.4,True
130,Brandon Ingram,TOR,SF,28.0,38.1,1.7,4.6,0.5,0.0446,0.8842857142857142,0.816,0.0214,18.6,19.5,Overpaid,21.5,33.8,77,77,33.8,21.5,5.6,3.7,0.8,0.7,2.4,0.477,0.382,0.82,29.9,,,,,,,,,,,,,,False
131,Lauri Markkanen,UTA,PF,28.0,46.39,1.6,3.5,2.6,0.0345,0.61375,0.986,0.0213,17.97,28.42,Overpaid,26.7,34.4,42,42,34.4,26.7,6.9,2.1,1.0,0.5,1.5,0.477,0.355,0.896,35.7,,,,,,,,,,,,,,False
132,Tyler Herro,MIA,SG,26.0,31.0,1.1,2.4,2.0,0.0355,0.4457142857142857,0.654,0.0211,14.84,16.16,Overpaid,20.5,31.3,33,33,31.3,20.5,4.8,4.1,0.7,0.4,1.9,0.48,0.378,0.917,28.6,22.1,5.2,4.4,0.8,0.4,2.0,15.0,33.5,0.444,0.38,0.879,30.9,2.3,True
133,Rudy Gobert,MIN,C,33.0,35.0,1.8,8.7,1.0,0.0514,1.0864864864864865,0.714,0.0204,19.22,15.78,Overpaid,10.9,31.3,76,76,31.3,10.9,11.5,1.7,0.8,1.6,1.4,0.682,0.0,0.526,25.1,,,,,,,,,,,,,,False
134,Harrison Barnes,SAS,PF,33.0,19.0,1.0,4.8,-0.1,0.0526,0.61375,0.386,0.0203,14.21,4.79,Good Value,9.9,25.8,77,77,25.8,9.9,2.8,1.9,0.6,0.2,0.8,0.456,0.388,0.829,14.6,9.8,2.8,1.9,0.6,0.2,0.8,21.0,27.6,0.489,0.349,0.835,14.5,-0.1,True
135,DeMar DeRozan,SAC,PF,36.0,24.57,1.1,5.6,-0.1,0.0448,0.61375,0.486,0.0198,14.84,9.73,Poor Value,18.4,31.2,77,77,31.2,18.4,2.9,4.1,1.0,0.3,1.2,0.497,0.32,0.868,25.5,,,,,,,,,,,,,,False
136,Naz Reid,MIN,C,26.0,21.55,1.5,4.0,0.9,0.0696,1.0864864864864865,0.414,0.0192,17.34,4.21,Good Value,13.6,26.1,77,77,26.1,13.6,6.2,2.2,1.0,1.0,1.6,0.456,0.362,0.732,22.4,,,,,,,,,,,,,,False
137,Jrue Holiday,POR,PG,35.0,32.4,1.6,3.6,1.9,0.0494,0.9902777777777776,0.61,0.0188,17.97,14.43,Poor Value,16.3,29.4,53,53,29.4,16.3,4.6,6.1,1.0,0.1,2.8,0.451,0.378,0.838,25.3,,,,,,,,,,,,,,False
138,Joel Embiid,PHI,C,31.0,55.22,2.1,4.1,4.9,0.038,1.0864864864864865,1.014,0.0184,21.1,34.12,Overpaid,26.9,31.6,38,38,31.6,26.9,7.7,3.9,0.6,1.2,2.9,0.489,0.333,0.854,37.4,28.7,8.2,4.2,0.6,1.3,3.1,20.0,33.3,0.52,0.331,0.872,39.9,2.5,True
139,Pascal Siakam,IND,PF,31.0,45.55,1.4,2.6,0.7,0.0307,0.61375,0.786,0.0173,16.72,28.83,Overpaid,24.0,33.2,62,62,33.2,24.0,6.6,3.8,1.1,0.4,2.2,0.484,0.358,0.693,33.7,26.0,7.1,4.1,1.2,0.4,2.4,18.0,38.5,0.478,0.356,0.702,36.4,2.7,True
140,Jaden McDaniels,MIN,PF,25.0,24.39,1.0,5.2,-0.3,0.041,0.61375,0.386,0.0158,14.21,10.18,Poor Value,14.8,31.7,73,73,31.7,14.8,4.2,2.7,1.1,1.0,1.8,0.515,0.412,0.835,22.0,,,,,,,,,,,,,,False
141,Bobby Portis,MIL,PF,30.0,13.45,0.8,2.8,0.0,0.0595,0.61375,0.186,0.0138,12.96,0.49,Good Value,13.7,24.2,67,67,24.2,13.7,6.4,1.6,0.6,0.2,1.0,0.488,0.456,0.706,21.5,13.6,6.3,1.6,0.6,0.2,1.0,15.0,24.4,0.497,0.51,0.722,21.3,-0.2,True
142,Goga Bitadze,ORL,C,26.0,8.33,1.2,4.4,2.8,0.1441,1.0864864864864865,0.114,0.0137,15.46,-7.13,Good Value,5.9,15.2,64,64,15.2,5.9,5.0,1.3,0.6,1.0,0.7,0.676,0.182,0.711,13.1,,,,,,,,,,,,,,False
143,Dean Wade,CLE,PF,29.0,6.62,0.7,3.1,0.2,0.1057,0.61375,0.086,0.013,12.33,-5.71,Good Value,5.8,22.3,59,59,22.3,5.8,4.2,1.5,0.7,0.4,0.3,0.439,0.362,0.711,12.3,6.1,4.4,1.6,0.7,0.4,0.3,9.0,20.1,0.379,0.389,0.676,12.9,0.6,True
144,Aaron Gordon,DEN,PF,30.0,22.84,0.9,3.2,1.7,0.0394,0.61375,0.286,0.0125,13.58,9.26,Poor Value,16.2,27.9,36,36,27.9,16.2,5.8,2.7,0.6,0.3,1.1,0.497,0.389,0.767,24.5,15.6,5.6,2.6,0.6,0.3,1.1,11.0,31.1,0.468,0.389,0.775,23.6,-0.9,True
145,Nic Claxton,BRK,C,26.0,25.35,1.4,4.8,0.9,0.0552,1.0864864864864865,0.314,0.0124,16.72,8.63,Poor Value,11.7,27.8,69,69,27.8,11.7,6.9,3.7,0.7,1.1,1.4,0.571,0.158,0.616,22.7,,,,,,,,,,,,,,False
146,T.J. McConnell,IND,PG,33.0,10.2,1.1,2.6,2.5,0.1078,0.9902777777777776,0.11,0.0108,14.84,-4.64,Good Value,9.4,17.2,56,56,17.2,9.4,2.2,5.1,1.0,0.2,1.1,0.538,0.32,0.862,16.8,9.3,2.2,5.1,1.0,0.2,1.1,6.0,17.1,0.531,0.327,0.854,16.7,-0.1,True
147,Paul George,PHI,PF,35.0,51.67,1.1,2.5,1.7,0.0213,0.61375,0.486,0.0094,14.84,36.83,Overpaid,17.3,30.7,37,37,30.7,17.3,5.3,3.6,1.7,0.4,1.7,0.439,0.392,0.82,26.6,17.2,5.3,3.6,1.7,0.4,1.7,11.0,31.5,0.412,0.393,0.808,26.5,-0.1,True
148,Anfernee Simons,CHI,SG,26.0,27.68,0.7,2.9,-0.1,0.0253,0.4457142857142857,0.254,0.0092,12.33,15.35,Overpaid,14.3,24.9,55,55,24.9,14.3,2.5,2.4,0.5,0.1,1.2,0.44,0.385,0.896,18.6,,,,,,,,,,,,,,False
149,Jerami Grant,POR,PF,31.0,32.0,0.9,4.0,0.0,0.0281,0.61375,0.286,0.0089,13.58,18.42,Overpaid,18.6,29.7,57,57,29.7,18.6,3.5,2.1,0.7,0.6,2.1,0.453,0.389,0.814,23.4,,,,,,,,,,,,,,False
150,Franz Wagner,ORL,SF,24.0,38.66,1.2,2.8,2.5,0.031,0.8842857142857142,0.316,0.0082,15.46,23.2,Overpaid,20.6,30.0,34,34,30.0,20.6,5.2,3.3,0.9,0.3,1.7,0.481,0.345,0.823,28.6,,,,,,,,,,,,,,False
151,Grant Williams,CHO,PF,27.0,13.65,0.7,1.9,1.6,0.0513,0.61375,0.086,0.0063,12.33,1.32,Good Value,7.0,19.8,36,36,19.8,7.0,3.9,1.6,0.5,0.5,0.9,0.426,0.388,0.815,12.6,,,,,,,,,,,,,,False
152,Jay Huff,IND,C,27.0,2.35,1.1,3.2,0.4,0.4681,1.0864864864864865,0.014,0.006,14.84,-12.49,Elite Value,9.5,21.0,82,82,21.0,9.5,4.0,1.5,0.5,1.9,0.9,0.476,0.319,0.828,16.5,8.8,3.7,1.4,0.5,1.8,0.8,21.0,23.1,0.494,0.313,0.85,15.4,-1.1,True
153,Jayson Tatum,BOS,PF,27.0,54.13,0.9,1.6,4.8,0.0166,0.61375,0.286,0.0053,13.58,40.55,Overpaid,21.8,32.6,16,16,32.6,21.8,10.0,5.3,1.4,0.2,2.4,0.411,0.329,0.823,36.3,23.0,10.6,5.6,1.5,0.2,2.5,12.0,30.1,0.461,0.297,0.86,38.4,2.1,True
154,RJ Barrett,TOR,SF,25.0,27.71,1.0,4.0,0.2,0.0361,0.8842857142857142,0.116,0.0042,14.21,13.5,Poor Value,19.3,30.3,57,57,30.3,19.3,5.3,3.3,0.7,0.3,1.7,0.491,0.339,0.717,27.2,,,,,,,,,,,,,,False
155,Caris LeVert,DET,SG,31.0,14.1,0.5,1.6,-0.4,0.0355,0.4457142857142857,0.054,0.0038,11.08,3.02,Good Value,7.4,19.2,60,60,19.2,7.4,2.0,2.7,0.9,0.7,1.4,0.417,0.333,0.679,12.3,7.2,1.9,2.6,0.9,0.7,1.4,6.0,18.1,0.388,0.328,0.724,11.9,-0.4,True
156,John Collins,LAC,PF,28.0,26.58,0.7,4.6,-0.5,0.0263,0.61375,0.086,0.0032,12.33,14.25,Poor Value,13.6,27.1,69,69,27.1,13.6,5.3,1.0,0.9,0.7,1.4,0.552,0.406,0.766,20.1,13.8,5.4,1.0,0.9,0.7,1.4,16.0,25.0,0.531,0.384,0.799,20.4,0.3,True
157,Anthony Davis,DAL,PF,32.0,54.13,0.7,1.3,2.4,0.0129,0.61375,0.086,0.0016,12.33,41.8,Overpaid,20.4,31.3,20,20,31.3,20.4,11.1,2.8,1.1,1.7,2.1,0.506,0.27,0.728,35.0,21.4,11.7,2.9,1.2,1.8,2.2,22.0,30.4,0.512,0.232,0.725,36.8,1.8,True
158,CJ McCollum,ATL,PG,34.0,30.67,1.0,3.0,-0.3,0.0326,0.9902777777777776,0.01,0.0003,14.21,16.46,Overpaid,18.7,29.8,76,76,29.8,18.7,3.3,3.9,0.8,0.5,1.8,0.455,0.375,0.772,25.4,,,,,,,,,,,,,,False
159,Jakob Poeltl,TOR,C,30.0,19.5,1.0,4.3,1.6,0.0513,1.0864864864864865,-0.086,-0.0044,14.21,5.29,Poor Value,10.7,25.0,46,46,25.0,10.7,7.0,2.0,0.9,0.7,1.2,0.7,,0.602,20.1,,,,,,,,,,,,,,False
160,Aaron Wiggins,OKC,SG,27.0,10.1,0.4,2.1,-0.9,0.0396,0.4457142857142857,-0.046,-0.0046,10.45,-0.35,Fair,9.4,21.8,65,65,21.8,9.4,3.1,1.7,0.9,0.4,1.2,0.431,0.356,0.736,14.3,9.8,3.2,1.8,0.9,0.4,1.2,20.0,22.8,0.471,0.371,0.745,14.9,0.6,True
161,Zach LaVine,SAC,SG,30.0,47.5,0.2,1.3,-1.5,0.0042,0.4457142857142857,-0.246,-0.0052,9.2,38.3,Overpaid,19.2,31.4,39,39,31.4,19.2,2.8,2.3,0.7,0.3,1.9,0.479,0.39,0.88,23.4,,,,,,,,,,,,,,False
162,Karlo Matković,NOP,PF,24.0,1.96,0.6,2.7,0.7,0.3061,0.61375,-0.014,-0.0071,11.71,-9.75,Fair,5.7,14.7,62,62,14.7,5.7,3.7,0.8,0.4,0.9,0.5,0.604,0.422,0.732,11.0,,,,,,,,,,,,,,False
163,Jalen Green,PHO,SG,23.0,33.58,0.2,0.3,-1.1,0.006,0.4457142857142857,-0.246,-0.0073,9.2,24.38,Overpaid,17.8,25.9,32,32,25.9,17.8,3.6,2.8,1.1,0.3,2.3,0.422,0.313,0.747,23.3,,,,,,,,,,,,,,False
164,Obi Toppin,IND,PF,27.0,14.0,0.5,1.1,3.0,0.0357,0.61375,-0.114,-0.0081,11.08,2.92,Fair,11.6,17.7,24,24,17.7,11.6,4.4,2.3,0.5,0.0,1.2,0.503,0.352,0.913,17.6,12.3,4.7,2.4,0.5,0.0,1.3,9.0,18.6,0.472,0.364,0.932,18.6,1.0,True
165,Naji Marshall,DAL,SF,28.0,9.0,0.8,4.3,-0.6,0.0889,0.8842857142857142,-0.084,-0.0093,12.96,-3.96,Fair,15.2,29.5,74,74,29.5,15.2,4.7,3.3,1.1,0.1,1.6,0.51,0.291,0.76,22.8,15.3,4.7,3.3,1.1,0.1,1.6,12.0,30.6,0.516,0.237,0.763,22.9,0.1,True
165,Kristaps Porziņģis,GSW,C,30.0,30.73,0.8,2.4,1.9,0.026,1.0864864864864865,-0.286,-0.0093,12.96,17.77,Overpaid,16.7,24.0,32,32,24.0,16.7,5.2,2.5,0.6,1.2,1.3,0.446,0.338,0.842,24.9,16.4,5.1,2.5,0.6,1.2,1.3,14.0,22.4,0.492,0.334,0.845,24.5,-0.4,True
167,Jusuf Nurkić,UTA,C,31.0,19.38,0.9,1.5,1.1,0.0464,1.0864864864864865,-0.186,-0.0096,13.58,5.8,Poor Value,10.9,26.4,41,41,26.4,10.9,10.4,4.8,1.3,0.5,2.5,0.503,0.352,0.549,25.4,,,,,,,,,,,,,,False
168,Darius Garland,LAC,PG,26.0,39.45,0.6,2.6,-0.2,0.0152,0.9902777777777776,-0.39,-0.0099,11.71,27.74,Overpaid,18.8,29.9,45,45,29.9,18.8,2.4,6.7,1.0,0.2,2.9,0.46,0.396,0.861,26.2,18.8,2.4,6.7,1.0,0.2,2.9,8.0,26.4,0.419,0.426,0.882,26.2,0.0,True
169,Trae Young,WAS,PG,27.0,46.39,0.5,1.4,2.8,0.0108,0.9902777777777776,-0.49,-0.0106,11.08,35.31,Overpaid,17.9,25.6,15,15,25.6,17.9,2.0,8.0,0.9,0.1,2.6,0.458,0.338,0.825,26.3,,,,,,,,,,,,,,False
170,Josh Green,CHO,SG,25.0,13.67,0.3,1.9,-0.7,0.0219,0.4457142857142857,-0.146,-0.0107,9.83,3.84,Fair,4.3,15.7,58,58,15.7,4.3,1.8,0.8,0.6,0.1,0.6,0.459,0.42,0.893,7.0,,,,,,,,,,,,,,False
171,Draymond Green,GSW,PF,35.0,25.89,0.3,1.7,-1.4,0.0116,0.61375,-0.314,-0.0121,9.83,16.06,Overpaid,8.4,27.5,68,68,27.5,8.4,5.5,5.5,0.9,0.6,2.7,0.418,0.326,0.702,18.2,7.3,4.8,4.8,0.8,0.5,2.3,9.0,28.1,0.386,0.358,0.701,15.9,-2.3,True
172,Malik Monk,SAC,SG,27.0,18.8,0.2,1.0,-1.3,0.0106,0.4457142857142857,-0.246,-0.0131,9.2,9.6,Poor Value,12.5,22.0,62,62,22.0,12.5,1.9,3.0,0.6,0.4,1.5,0.438,0.395,0.879,16.9,,,,,,,,,,,,,,False
173,Cameron Johnson,DEN,SF,29.0,21.06,0.6,3.7,-0.6,0.0285,0.8842857142857142,-0.284,-0.0135,11.71,9.35,Poor Value,12.2,30.5,54,54,30.5,12.2,3.8,2.4,0.7,0.4,0.9,0.48,0.43,0.839,18.6,10.9,3.4,2.1,0.6,0.4,0.8,8.0,30.2,0.469,0.461,0.821,16.6,-2.0,True
174,Day'Ron Sharpe,BRK,C,24.0,6.25,1.0,3.5,1.4,0.16,1.0864864864864865,-0.086,-0.0138,14.21,-7.96,Fair,8.7,18.7,62,62,18.7,8.7,6.7,2.3,1.1,0.4,1.7,0.601,0.231,0.678,17.5,,,,,,,,,,,,,,False
175,Jaden Ivey,CHI,SG,23.0,10.11,0.3,1.3,0.0,0.0297,0.4457142857142857,-0.146,-0.0144,9.83,0.28,Fair,8.5,18.1,37,37,18.1,8.5,2.5,1.8,0.6,0.4,1.1,0.445,0.373,0.809,12.7,,,,,,,,,,,,,,False
175,Deandre Ayton,LAL,C,27.0,33.65,0.6,6.2,-0.9,0.0178,1.0864864864864865,-0.486,-0.0144,11.71,21.94,Overpaid,12.5,27.2,72,72,27.2,12.5,8.0,0.8,0.6,1.0,1.2,0.671,,0.645,21.7,,,,,,,,,,,,,,False
177,Alex Sarr,WAS,C,20.0,11.81,0.9,1.6,0.7,0.0762,1.0864864864864865,-0.186,-0.0157,13.58,-1.77,Fair,16.3,27.2,48,48,27.2,16.3,7.4,2.7,0.8,2.0,1.7,0.482,0.333,0.692,27.5,,,,,,,,,,,,,,False
178,Kevin Huerter,DET,SF,27.0,17.99,0.6,2.5,-0.6,0.0334,0.8842857142857142,-0.284,-0.0158,11.71,6.28,Poor Value,10.0,22.4,69,69,22.4,10.0,3.5,2.6,0.9,0.5,1.0,0.451,0.308,0.775,16.5,9.0,3.2,2.3,0.8,0.5,0.9,22.0,23.5,0.438,0.309,0.765,14.9,-1.6,True
179,Kenrich Williams,OKC,PF,31.0,7.16,0.5,2.3,0.2,0.0698,0.61375,-0.114,-0.0159,11.08,-3.92,Fair,6.5,15.3,56,56,15.3,6.5,3.3,1.4,0.6,0.1,0.8,0.473,0.388,0.635,11.1,6.0,3.1,1.3,0.6,0.1,0.7,18.0,16.3,0.493,0.363,0.651,10.4,-0.7,True
180,Domantas Sabonis,SAC,C,29.0,42.34,0.4,1.1,0.6,0.0094,1.0864864864864865,-0.686,-0.0162,10.45,31.89,Overpaid,15.8,29.7,19,19,29.7,15.8,11.4,4.1,0.9,0.2,2.7,0.543,0.185,0.727,29.7,,,,,,,,,,,,,,False
181,Jaren Jackson Jr.,UTA,C,26.0,35.0,0.5,1.4,-0.6,0.0143,1.0864864864864865,-0.586,-0.0167,11.08,23.92,Overpaid,19.4,30.3,48,48,30.3,19.4,5.7,2.0,1.1,1.4,2.2,0.476,0.357,0.803,27.4,,,,,,,,,,,,,,False
182,Max Christie,DAL,SG,22.0,7.71,0.3,2.7,-1.5,0.0389,0.4457142857142857,-0.146,-0.0189,9.83,-2.12,Fair,12.3,29.1,77,77,29.1,12.3,3.2,2.0,0.6,0.4,1.2,0.441,0.404,0.899,17.3,12.7,3.3,2.1,0.6,0.4,1.2,19.0,29.9,0.447,0.371,0.899,17.9,0.6,True
183,Coby White,CHO,SG,25.0,12.89,0.2,2.0,-1.3,0.0155,0.4457142857142857,-0.246,-0.0191,9.2,3.69,Fair,17.4,25.0,50,50,25.0,17.4,3.4,4.0,0.5,0.1,2.6,0.446,0.362,0.817,22.8,,,,,,,,,,,,,,False
184,Daniel Gafford,DAL,C,27.0,14.39,0.8,4.1,0.7,0.0556,1.0864864864864865,-0.286,-0.0199,12.96,1.43,Fair,9.5,21.7,55,55,21.7,9.5,6.9,1.1,0.8,1.3,1.1,0.655,,0.683,18.5,9.0,6.5,1.0,0.8,1.2,1.0,19.0,23.1,0.611,,0.692,17.5,-1.0,True
185,Matas Buzelis,CHI,PF,21.0,5.46,0.5,2.6,-1.0,0.0916,0.61375,-0.114,-0.0209,11.08,-5.62,Fair,16.3,29.2,77,77,29.2,16.3,5.8,2.1,0.7,1.5,2.1,0.463,0.349,0.786,24.3,,,,,,,,,,,,,,False
186,Andrew Nembhard,IND,PG,26.0,18.1,0.6,2.8,-0.8,0.0331,0.9902777777777776,-0.39,-0.0215,11.71,6.39,Poor Value,16.9,31.3,57,57,31.3,16.9,2.8,7.7,0.9,0.1,2.4,0.442,0.361,0.825,26.0,16.5,2.7,7.5,0.9,0.1,2.3,22.0,32.4,0.455,0.372,0.842,25.4,-0.6,True
187,Simone Fontecchio,MIA,SF,30.0,8.31,0.7,2.6,0.5,0.0842,0.8842857142857142,-0.184,-0.0221,12.33,-4.02,Fair,8.5,16.8,70,70,16.8,8.5,3.0,1.4,0.5,0.1,0.7,0.412,0.375,0.843,12.8,9.5,3.3,1.6,0.6,0.1,0.8,6.0,17.7,0.398,0.414,0.834,14.3,1.5,True
188,Dejounte Murray,NOP,PG,29.0,30.8,0.3,0.6,1.4,0.0097,0.9902777777777776,-0.69,-0.0224,9.83,20.97,Overpaid,16.7,27.8,14,14,27.8,16.7,5.4,6.4,1.6,0.2,3.4,0.484,0.306,0.867,26.9,,,,,,,,,,,,,,False
189,Ja Morant,MEM,PG,26.0,39.45,0.1,0.3,-1.5,0.0025,0.9902777777777776,-0.89,-0.0226,8.57,30.88,Overpaid,19.5,28.5,20,20,28.5,19.5,3.3,8.1,1.0,0.3,3.6,0.41,0.235,0.897,28.6,18.8,3.2,7.8,1.0,0.3,3.5,20.0,27.9,0.442,0.268,0.916,27.6,-1.0,True
190,Myles Turner,MIL,C,29.0,25.32,0.5,3.0,-0.9,0.0197,1.0864864864864865,-0.586,-0.0231,11.08,14.24,Poor Value,11.9,26.9,71,71,26.9,11.9,5.3,1.5,0.7,1.6,1.2,0.44,0.383,0.74,19.8,12.7,5.6,1.6,0.7,1.7,1.3,5.0,27.1,0.424,0.379,0.749,21.0,1.2,True
191,Pelle Larsson,MIA,SG,24.0,1.96,0.4,4.1,-1.2,0.2041,0.4457142857142857,-0.046,-0.0235,10.45,-8.49,Fair,11.4,26.4,70,70,26.4,11.4,3.5,3.4,0.7,0.2,1.4,0.496,0.323,0.797,17.8,10.6,3.2,3.2,0.6,0.2,1.3,13.0,27.2,0.48,0.286,0.766,16.5,-1.3,True
192,Jaxson Hayes,LAL,C,25.0,3.45,1.0,5.0,1.2,0.2899,1.0864864864864865,-0.086,-0.0249,14.21,-10.76,Elite Value,7.5,18.3,66,66,18.3,7.5,4.1,0.9,0.4,0.8,0.5,0.756,1.0,0.653,13.2,,,,,,,,,,,,,,False
193,Kentavious Caldwell-Pope,MEM,SG,32.0,21.62,-0.1,0.7,-2.5,-0.0046,0.4457142857142857,-0.546,-0.0253,7.32,14.3,Poor Value,8.4,21.3,51,51,21.3,8.4,2.5,2.7,0.8,0.2,1.2,0.41,0.316,0.913,13.4,8.2,2.4,2.6,0.8,0.2,1.2,15.0,22.8,0.424,0.306,0.949,13.0,-0.4,True
194,Ivica Zubac,IND,C,28.0,18.89,0.6,4.2,-0.3,0.0318,1.0864864864864865,-0.486,-0.0257,11.71,7.18,Poor Value,14.1,30.1,48,48,30.1,14.1,10.6,2.2,0.4,0.8,1.8,0.598,,0.711,26.3,13.2,9.9,2.1,0.4,0.7,1.7,10.0,30.0,0.617,,0.698,24.6,-1.7,True
194,Isaiah Stewart,DET,C,24.0,15.0,0.7,4.1,0.0,0.0467,1.0864864864864865,-0.386,-0.0257,12.33,2.67,Fair,10.0,22.7,58,58,22.7,10.0,5.0,1.1,0.3,1.6,1.2,0.55,0.333,0.756,16.8,9.8,4.9,1.1,0.3,1.6,1.2,6.0,23.9,0.561,0.327,0.715,16.5,-0.3,True
196,Jonathan Kuminga,ATL,PF,23.0,23.8,0.0,1.0,-2.0,0.0,0.61375,-0.614,-0.0258,7.95,15.85,Overpaid,12.2,23.1,36,36,23.1,12.2,5.6,2.3,0.6,0.3,1.9,0.463,0.333,0.724,19.1,,,,,,,,,,,,,,False
197,Wendell Carter Jr.,ORL,C,26.0,10.85,0.8,6.2,-0.6,0.0737,1.0864864864864865,-0.286,-0.0264,12.96,-2.11,Fair,11.8,29.3,78,78,29.3,11.8,7.4,2.0,0.8,0.6,1.3,0.512,0.319,0.792,21.3,,,,,,,,,,,,,,False
198,Buddy Hield,ATL,SG,33.0,9.22,0.2,1.0,-1.0,0.0217,0.4457142857142857,-0.246,-0.0267,9.2,0.02,Fair,7.6,16.1,51,51,16.1,7.6,2.3,1.4,0.8,0.2,0.9,0.437,0.349,0.811,11.4,,,,,,,,,,,,,,False
199,Marcus Smart,LAL,SG,31.0,19.92,-0.1,2.0,-2.2,-0.005,0.4457142857142857,-0.546,-0.0274,7.32,12.6,Poor Value,9.3,28.5,62,62,28.5,9.3,2.8,3.0,1.4,0.4,1.5,0.395,0.331,0.822,15.4,,,,,,,,,,,,,,False
200,Quentin Grimes,PHI,SG,25.0,8.74,0.2,3.6,-1.6,0.0229,0.4457142857142857,-0.246,-0.0281,9.2,-0.46,Fair,13.4,29.4,75,75,29.4,13.4,3.6,3.3,0.9,0.4,1.8,0.45,0.334,0.84,19.8,14.3,3.8,3.5,1.0,0.4,1.9,7.0,29.5,0.408,0.317,0.814,21.1,1.3,True
201,Shaedon Sharpe,POR,SG,22.0,8.4,0.2,1.3,-1.4,0.0238,0.4457142857142857,-0.246,-0.0293,9.2,-0.8,Fair,20.8,29.4,50,50,29.4,20.8,4.3,2.6,1.4,0.1,2.9,0.452,0.337,0.787,26.3,,,,,,,,,,,,,,False
201,P.J. Washington,DAL,PF,27.0,14.15,0.2,1.7,-1.6,0.0141,0.61375,-0.414,-0.0293,9.2,4.95,Fair,14.2,31.0,56,56,31.0,14.2,7.0,1.8,1.0,1.1,1.7,0.45,0.325,0.687,23.4,12.2,6.0,1.5,0.9,0.9,1.5,19.0,31.4,0.463,0.333,0.661,20.0,-3.4,True
203,Christian Braun,DEN,SG,24.0,4.92,0.3,3.0,-1.2,0.061,0.4457142857142857,-0.146,-0.0297,9.83,-4.91,Fair,12.0,31.8,44,44,31.8,12.0,4.8,2.7,0.7,0.3,1.0,0.519,0.301,0.782,19.5,12.4,5.0,2.8,0.7,0.3,1.0,10.0,34.0,0.493,0.286,0.783,20.2,0.7,True
204,Kyle Kuzma,MIL,PF,30.0,22.41,-0.1,1.9,-2.3,-0.0045,0.61375,-0.714,-0.0319,7.32,15.09,Overpaid,13.0,26.2,69,69,26.2,13.0,4.5,2.7,0.7,0.4,1.7,0.492,0.347,0.726,19.6,13.1,4.5,2.7,0.7,0.4,1.7,9.0,23.6,0.498,0.328,0.719,19.7,0.1,True
205,Al Horford,GSW,C,39.0,5.68,0.9,2.1,1.6,0.1585,1.0864864864864865,-0.186,-0.0327,13.58,-7.9,Fair,8.3,21.5,45,45,21.5,8.3,4.9,2.6,0.7,1.1,0.9,0.426,0.361,0.846,16.7,8.1,4.8,2.5,0.7,1.1,0.9,21.0,20.3,0.39,0.37,0.838,16.3,-0.4,True
206,Davion Mitchell,MIA,PG,27.0,11.6,0.6,4.3,-0.9,0.0517,0.9902777777777776,-0.39,-0.0336,11.71,-0.11,Fair,9.3,28.6,70,70,28.6,9.3,2.7,6.5,1.0,0.2,1.5,0.49,0.395,0.646,18.2,8.3,2.4,5.8,0.9,0.2,1.3,6.0,26.6,0.501,0.383,0.661,16.3,-1.9,True
207,Bogdan Bogdanović,LAC,SG,33.0,16.02,-0.1,0.2,-3.1,-0.0062,0.4457142857142857,-0.546,-0.0341,7.32,8.7,Poor Value,7.4,19.7,23,23,19.7,7.4,2.6,2.2,0.4,0.1,1.2,0.388,0.347,0.8,11.5,7.4,2.6,2.2,0.4,0.1,1.2,21.0,17.3,0.368,0.354,0.808,11.5,0.0,True
208,Jonathan Isaac,ORL,PF,28.0,15.0,0.1,0.9,-1.6,0.0067,0.61375,-0.514,-0.0343,8.57,6.43,Poor Value,2.6,10.0,52,52,10.0,2.6,2.5,0.4,0.4,0.6,0.3,0.422,0.184,0.603,6.2,,,,,,,,,,,,,,False
209,Jake LaRavia,LAL,PF,24.0,6.0,0.4,3.8,-1.2,0.0667,0.61375,-0.214,-0.0357,10.45,-4.45,Fair,8.2,25.1,82,82,25.1,8.2,4.0,1.8,1.3,0.5,1.1,0.459,0.321,0.763,14.7,,,,,,,,,,,,,,False
210,Anthony Black,ORL,PG,22.0,7.97,0.7,2.6,-0.6,0.0878,0.9902777777777776,-0.29,-0.0364,12.33,-4.36,Fair,15.0,29.8,64,64,29.8,15.0,3.8,3.7,1.4,0.7,2.1,0.447,0.333,0.732,22.5,,,,,,,,,,,,,,False
211,Derrick Jones Jr.,LAC,SF,28.0,10.0,0.5,2.8,-0.7,0.05,0.8842857142857142,-0.384,-0.0384,11.08,-1.08,Fair,10.1,27.0,50,50,27.0,10.1,3.5,1.4,0.9,1.0,0.8,0.499,0.359,0.763,16.1,9.7,3.4,1.3,0.9,1.0,0.8,21.0,26.4,0.467,0.367,0.771,15.5,-0.6,True
212,Rui Hachimura,LAL,PF,27.0,18.26,-0.1,3.2,-2.2,-0.0055,0.61375,-0.714,-0.0391,7.32,10.94,Poor Value,11.5,28.3,68,68,28.3,11.5,3.3,0.8,0.6,0.3,0.6,0.514,0.443,0.694,15.9,,,,,,,,,,,,,,False
213,Brandon Williams,DAL,PG,26.0,2.27,0.9,2.5,0.4,0.3965,0.9902777777777776,-0.09,-0.0396,13.58,-11.31,Elite Value,13.0,22.2,66,66,22.2,13.0,2.9,3.9,0.9,0.3,1.9,0.472,0.232,0.793,19.1,13.5,3.0,4.0,0.9,0.3,2.0,15.0,23.6,0.49,0.198,0.803,19.7,0.6,True
214,Klay Thompson,DAL,SF,35.0,16.67,0.2,0.5,-1.4,0.012,0.8842857142857142,-0.684,-0.041,9.2,7.47,Poor Value,11.7,21.7,69,69,21.7,11.7,2.1,1.4,0.5,0.3,0.9,0.393,0.383,0.766,15.1,11.7,2.1,1.4,0.5,0.3,0.9,7.0,21.8,0.399,0.369,0.781,15.1,0.0,True
215,Kyle Anderson,MIN,SF,32.0,9.22,0.5,1.9,0.4,0.0542,0.8842857142857142,-0.384,-0.0416,11.08,-1.86,Fair,6.2,19.8,43,43,19.8,6.2,3.5,2.9,1.0,0.6,0.9,0.53,0.364,0.706,13.3,,,,,,,,,,,,,,False
216,Jordan Poole,NOP,PG,26.0,31.85,-0.4,0.2,-3.5,-0.0126,0.9902777777777776,-1.39,-0.0436,5.44,26.41,Overpaid,13.4,23.9,39,39,23.9,13.4,2.0,3.1,0.6,0.4,1.8,0.372,0.333,0.86,17.7,,,,,,,,,,,,,,False
217,Jarred Vanderbilt,LAL,PF,26.0,11.57,0.1,1.8,-1.5,0.0086,0.61375,-0.514,-0.0444,8.57,3.0,Fair,4.4,17.4,65,65,17.4,4.4,4.5,1.3,0.8,0.3,0.9,0.471,0.293,0.589,10.4,,,,,,,,,,,,,,False
218,Dillon Brooks,PHO,SF,30.0,21.12,-0.1,2.1,-2.3,-0.0047,0.8842857142857142,-0.984,-0.0466,7.32,13.8,Poor Value,20.2,30.4,56,56,30.4,20.2,3.6,1.8,1.0,0.2,1.8,0.435,0.344,0.842,25.0,,,,,,,,,,,,,,False
219,Tristan Da Silva,ORL,SF,24.0,3.81,0.7,3.3,-0.6,0.1837,0.8842857142857142,-0.184,-0.0483,12.33,-8.52,Fair,9.9,24.7,77,77,24.7,9.9,3.7,1.6,0.9,0.3,0.9,0.45,0.374,0.884,15.5,,,,,,,,,,,,,,False
220,Luguentz Dort,OKC,SF,26.0,18.22,0.0,3.0,-2.0,0.0,0.8842857142857142,-0.884,-0.0485,7.95,10.27,Poor Value,8.3,26.8,69,69,26.8,8.3,3.6,1.2,0.9,0.4,0.8,0.385,0.344,0.759,13.6,9.3,4.0,1.3,1.0,0.4,0.9,6.0,27.7,0.37,0.387,0.706,15.1,1.5,True
221,Max Strus,CLE,SF,29.0,15.94,0.1,0.7,-1.2,0.0063,0.8842857142857142,-0.784,-0.0492,8.57,7.37,Poor Value,11.2,24.0,12,12,24.0,11.2,5.4,2.0,0.3,0.0,0.8,0.443,0.402,0.778,18.1,10.9,5.3,1.9,0.3,0.0,0.8,9.0,26.0,0.479,0.367,0.769,17.6,-0.5,True
222,Gui Santos,GSW,PF,23.0,2.22,0.5,2.7,-0.6,0.2252,0.61375,-0.114,-0.0514,11.08,-8.86,Fair,9.2,20.5,68,68,20.5,9.2,3.9,2.3,0.9,0.3,1.5,0.5,0.351,0.725,15.1,8.5,3.6,2.1,0.8,0.3,1.4,14.0,22.5,0.489,0.288,0.67,13.9,-1.2,True
223,Tidjane Salaün,CHO,PF,20.0,7.86,0.2,1.4,-0.8,0.0254,0.61375,-0.414,-0.0527,9.2,-1.34,Fair,6.0,15.5,37,37,15.5,6.0,4.0,0.7,0.4,0.2,0.7,0.503,0.434,0.65,10.6,,,,,,,,,,,,,,False
224,Khris Middleton,DAL,SF,34.0,33.3,-0.9,0.3,-4.4,-0.027,0.8842857142857142,-1.784,-0.0536,2.31,30.99,Overpaid,10.2,22.8,63,63,22.8,10.2,3.7,2.8,0.7,0.1,1.7,0.42,0.36,0.875,15.8,10.3,3.7,2.8,0.7,0.1,1.7,6.0,23.2,0.421,0.304,0.876,15.9,0.1,True
225,Zach Collins,CHI,C,28.0,18.08,0.1,0.5,0.2,0.0055,1.0864864864864865,-0.986,-0.0545,8.57,9.51,Poor Value,9.7,18.4,10,10,18.4,9.7,5.6,1.5,0.2,0.4,1.0,0.578,0.429,0.7,16.4,,,,,,,,,,,,,,False
226,Steven Adams,HOU,C,32.0,14.13,0.3,2.1,-0.5,0.0212,1.0864864864864865,-0.786,-0.0556,9.83,4.3,Fair,5.8,22.8,32,32,22.8,5.8,8.6,1.5,0.7,0.6,1.1,0.504,,0.58,16.1,,,,,,,,,,,,,,False
227,Nicolas Batum,LAC,PF,37.0,5.6,0.3,1.8,-1.0,0.0536,0.61375,-0.314,-0.0561,9.83,-4.23,Fair,4.0,17.5,74,74,17.5,4.0,2.5,0.9,0.6,0.3,0.5,0.403,0.404,0.818,7.8,4.1,2.5,0.9,0.6,0.3,0.5,12.0,19.3,0.41,0.405,0.818,7.9,0.1,True
228,Dominick Barlow,PHI,PF,22.0,3.42,0.4,3.9,-1.1,0.117,0.61375,-0.214,-0.0626,10.45,-7.03,Fair,7.7,23.8,71,71,23.8,7.7,4.8,1.2,0.9,0.7,0.8,0.539,0.256,0.718,14.5,8.6,5.3,1.3,1.0,0.8,0.9,6.0,24.4,0.524,0.257,0.744,16.1,1.6,True
229,Corey Kispert,ATL,SF,26.0,13.98,0.0,1.8,-1.9,0.0,0.8842857142857142,-0.884,-0.0632,7.95,6.03,Fringe,9.2,18.6,58,58,18.6,9.2,2.3,1.6,0.3,0.2,0.8,0.467,0.367,0.794,12.8,,,,,,,,,,,,,,False
230,Josh Okogie,HOU,SG,27.0,2.3,0.3,2.7,-1.2,0.1304,0.4457142857142857,-0.146,-0.0635,9.83,-7.53,Fair,4.5,17.4,78,78,17.4,4.5,2.6,0.9,0.8,0.2,0.5,0.425,0.385,0.594,8.5,,,,,,,,,,,,,,False
231,De'Andre Hunter,SAC,SF,28.0,23.3,-0.6,1.1,-3.9,-0.0258,0.8842857142857142,-1.484,-0.0637,4.19,19.11,Overpaid,13.7,26.1,45,45,26.1,13.7,4.1,2.0,0.7,0.1,1.7,0.415,0.305,0.867,18.9,,,,,,,,,,,,,,False
232,Jordan Clarkson,NYK,SG,33.0,12.95,-0.4,1.9,-3.3,-0.0309,0.4457142857142857,-0.846,-0.0653,5.44,7.51,Fringe,8.6,17.8,72,72,17.8,8.6,1.8,1.3,0.4,0.1,0.9,0.451,0.327,0.83,11.3,9.1,1.9,1.4,0.4,0.1,1.0,14.0,17.3,0.463,0.323,0.86,11.9,0.6,True
232,Jeremy Sochan,NYK,PF,22.0,7.87,0.1,1.2,-1.2,0.0127,0.61375,-0.514,-0.0653,8.57,-0.7,Fair,3.6,10.7,44,44,10.7,3.6,2.4,0.9,0.4,0.2,0.5,0.496,0.244,0.731,7.0,3.7,2.5,0.9,0.4,0.2,0.5,4.0,10.5,0.483,0.28,0.736,7.2,0.2,True
234,Jonas Valančiūnas,DEN,C,33.0,10.4,0.4,2.9,0.0,0.0385,1.0864864864864865,-0.686,-0.066,10.45,-0.05,Fair,8.7,13.4,65,65,13.4,8.7,5.1,1.2,0.2,0.6,1.1,0.582,0.308,0.772,14.7,9.7,5.7,1.3,0.2,0.7,1.2,17.0,12.5,0.572,0.228,0.759,16.4,1.7,True
235,Brook Lopez,LAC,C,37.0,8.75,0.5,2.3,-0.9,0.0571,1.0864864864864865,-0.586,-0.067,11.08,-2.33,Fair,8.5,21.8,75,75,21.8,8.5,3.6,1.3,0.6,1.2,0.8,0.428,0.36,0.757,14.4,7.7,3.3,1.2,0.5,1.1,0.7,5.0,21.1,0.462,0.372,0.769,13.1,-1.3,True
236,Terance Mann,BRK,SG,29.0,15.5,-0.6,1.8,-3.4,-0.0387,0.4457142857142857,-1.046,-0.0675,4.19,11.31,Poor Value,7.2,24.3,63,63,24.3,7.2,3.2,3.0,0.7,0.2,1.1,0.457,0.364,0.788,13.2,,,,,,,,,,,,,,False
237,Mike Conley,MIN,PG,38.0,11.5,0.2,1.9,-1.3,0.0174,0.9902777777777776,-0.79,-0.0687,9.2,2.3,Fair,4.5,18.4,54,54,18.4,4.5,1.7,2.9,0.6,0.3,0.6,0.335,0.337,0.9,9.4,,,,,,,,,,,,,,False
238,Kris Dunn,LAC,PG,31.0,5.43,0.6,4.0,-0.8,0.1105,0.9902777777777776,-0.39,-0.0718,11.71,-6.28,Fair,7.3,27.2,82,82,27.2,7.3,3.3,3.6,1.6,0.2,1.4,0.476,0.374,0.765,14.6,7.0,3.2,3.4,1.5,0.2,1.3,7.0,27.2,0.45,0.421,0.752,14.0,-0.6,True
239,Clint Capela,HOU,C,31.0,6.7,0.6,3.0,0.4,0.0896,1.0864864864864865,-0.486,-0.0725,11.71,-5.01,Fair,3.8,12.3,75,75,12.3,3.8,4.6,0.7,0.5,0.8,0.5,0.52,0.5,0.577,9.9,,,,,,,,,,,,,,False
240,Tari Eason,HOU,PF,24.0,5.68,0.2,2.9,-1.6,0.0352,0.61375,-0.414,-0.0729,9.2,-3.52,Fair,10.5,25.8,60,60,25.8,10.5,6.3,1.5,1.2,0.5,1.4,0.416,0.358,0.776,18.6,,,,,,,,,,,,,,False
241,Keegan Murray,SAC,PF,25.0,11.14,-0.2,0.2,-3.1,-0.018,0.61375,-0.814,-0.0731,6.69,4.45,Fringe,14.0,34.5,23,23,34.5,14.0,5.7,1.7,1.0,1.6,1.2,0.42,0.277,0.776,22.8,,,,,,,,,,,,,,False
242,Maxi Kleber,LAL,PF,34.0,11.0,-0.2,0.6,-3.9,-0.0182,0.61375,-0.814,-0.074,6.69,4.31,Fringe,2.0,10.7,43,43,10.7,2.0,2.0,0.6,0.4,0.3,0.4,0.452,0.231,0.538,4.9,,,,,,,,,,,,,,False
243,Bilal Coulibaly,WAS,SG,21.0,7.28,-0.1,1.0,-2.1,-0.0137,0.4457142857142857,-0.546,-0.075,7.32,-0.04,Fringe,11.7,26.2,56,56,26.2,11.7,4.3,2.6,1.3,1.0,1.4,0.425,0.319,0.746,19.5,,,,,,,,,,,,,,False
244,Kevin Love,UTA,PF,37.0,4.15,0.3,1.1,0.2,0.0723,0.61375,-0.314,-0.0757,9.83,-5.68,Fair,6.7,16.6,37,37,16.6,6.7,5.8,1.8,0.4,0.2,0.8,0.397,0.373,0.841,14.1,,,,,,,,,,,,,,False
245,Jalen Smith,CHI,C,25.0,9.0,0.4,2.6,-0.7,0.0444,1.0864864864864865,-0.686,-0.0762,10.45,-1.45,Fair,10.2,20.7,53,53,20.7,10.2,6.7,1.2,0.5,0.8,1.0,0.483,0.373,0.742,18.4,,,,,,,,,,,,,,False
246,Dennis Schröder,CLE,PG,32.0,14.1,-0.1,1.5,-2.2,-0.0071,0.9902777777777776,-1.09,-0.0773,7.32,6.78,Fringe,10.8,24.2,70,70,24.2,10.8,2.7,4.9,0.8,0.2,1.8,0.405,0.329,0.834,17.6,9.9,2.5,4.5,0.7,0.2,1.7,7.0,25.9,0.345,0.295,0.834,16.1,-1.5,True
247,Lonzo Ball,CLE,PG,28.0,10.0,0.2,0.6,-1.1,0.02,0.9902777777777776,-0.79,-0.079,9.2,0.8,Fair,4.6,20.8,35,35,20.8,4.6,4.0,3.9,1.3,0.3,1.5,0.301,0.272,0.667,12.6,4.4,3.9,3.8,1.3,0.3,1.4,19.0,23.4,0.341,0.261,0.692,12.3,-0.3,True
248,Dorian Finney-Smith,HOU,PF,32.0,12.7,-0.4,0.5,-4.3,-0.0315,0.61375,-1.014,-0.0798,5.44,7.26,Fringe,3.3,16.8,37,37,16.8,3.3,2.5,1.0,0.4,0.2,0.6,0.333,0.27,0.889,6.8,,,,,,,,,,,,,,False
249,Russell Westbrook,SAC,SF,37.0,2.3,0.7,0.4,-0.4,0.3043,0.8842857142857142,-0.184,-0.08,12.33,-10.03,Elite Value,15.2,29.0,64,64,29.0,15.2,5.4,6.7,1.3,0.2,3.3,0.427,0.338,0.694,25.5,,,,,,,,,,,,,,False
250,Kelly Oubre Jr.,PHI,SF,30.0,8.38,0.2,2.7,-1.4,0.0239,0.8842857142857142,-0.684,-0.0816,9.2,-0.82,Fair,14.1,31.5,50,50,31.5,14.1,5.0,1.6,1.4,0.5,1.4,0.467,0.36,0.766,21.2,12.5,4.4,1.4,1.2,0.4,1.2,5.0,29.5,0.531,0.337,0.752,18.7,-2.5,True
251,Zaccharie Risacher,ATL,SF,20.0,13.2,-0.2,2.3,-2.5,-0.0152,0.8842857142857142,-1.084,-0.0821,6.69,6.51,Fringe,9.6,22.4,67,67,22.4,9.6,3.8,1.1,0.9,0.5,0.9,0.455,0.368,0.644,15.0,,,,,,,,,,,,,,False
252,Dalen Terry,PHI,SG,23.0,5.4,0.0,0.7,-1.7,0.0,0.4457142857142857,-0.446,-0.0826,7.95,-2.55,Fringe,3.7,11.5,48,48,11.5,3.7,1.8,1.4,0.6,0.3,0.5,0.439,0.364,0.533,7.3,3.9,1.9,1.5,0.6,0.3,0.5,12.0,12.0,0.429,0.337,0.553,7.7,0.4,True
253,Patrick Williams,CHI,PF,24.0,18.0,-0.9,-0.1,-4.5,-0.05,0.61375,-1.514,-0.0841,2.31,15.69,Overpaid,7.0,20.5,72,72,20.5,7.0,3.0,1.5,0.7,0.4,1.0,0.372,0.347,0.72,11.6,,,,,,,,,,,,,,False
254,Scoot Henderson,POR,PG,21.0,10.75,0.0,1.0,-2.2,0.0,0.9902777777777776,-0.99,-0.0921,7.95,2.8,Fringe,14.2,24.9,30,30,24.9,14.2,2.7,3.7,0.9,0.3,2.4,0.418,0.352,0.84,19.4,,,,,,,,,,,,,,False
255,Caleb Martin,DAL,SF,30.0,9.59,0.0,0.9,-2.2,0.0,0.8842857142857142,-0.884,-0.0922,7.95,1.64,Fringe,3.9,14.8,58,58,14.8,3.9,2.5,1.4,0.7,0.3,0.7,0.45,0.351,0.607,8.1,3.8,2.4,1.4,0.7,0.3,0.7,15.0,14.2,0.402,0.341,0.624,7.9,-0.2,True
256,Derik Queen,NOP,C,21.0,5.16,0.6,2.7,-0.8,0.1163,1.0864864864864865,-0.486,-0.0942,11.71,-6.55,Fair,11.7,25.0,81,81,25.0,11.7,7.1,3.7,1.0,0.9,2.3,0.473,0.261,0.795,22.1,,,,,,,,,,,,,,False
257,Blake Wesley,POR,SG,22.0,5.64,-0.1,0.3,-3.6,-0.0177,0.4457142857142857,-0.546,-0.0968,7.32,-1.68,Fringe,4.8,11.6,31,31,11.6,4.8,1.3,2.0,0.5,0.2,1.0,0.452,0.278,0.553,7.8,,,,,,,,,,,,,,False
258,Herbert Jones,NOP,SF,27.0,13.94,-0.5,0.7,-3.1,-0.0359,0.8842857142857142,-1.384,-0.0993,4.81,9.13,Fringe,8.9,28.4,56,56,28.4,8.9,3.4,2.8,1.6,0.5,1.3,0.383,0.309,0.806,15.9,,,,,,,,,,,,,,False
259,Ron Holland,DET,SF,20.0,8.66,0.0,2.8,-2.0,0.0,0.8842857142857142,-0.884,-0.1021,7.95,0.71,Fringe,8.2,19.9,78,78,19.9,8.2,4.0,1.2,1.2,0.3,1.2,0.432,0.253,0.805,13.7,7.2,3.5,1.0,1.0,0.3,1.0,13.0,20.9,0.424,0.296,0.781,12.0,-1.7,True
260,Jevon Carter,ORL,PG,30.0,7.68,0.2,0.9,-1.1,0.026,0.9902777777777776,-0.79,-0.1029,9.2,-1.52,Fair,6.4,16.4,53,53,16.4,6.4,1.7,1.6,0.8,0.2,0.7,0.401,0.363,0.789,10.0,,,,,,,,,,,,,,False
261,Vince Williams Jr.,UTA,SG,25.0,2.3,0.2,0.1,-1.0,0.087,0.4457142857142857,-0.246,-0.107,9.2,-6.9,Fair,7.5,20.5,40,40,20.5,7.5,3.9,4.2,0.7,0.4,1.8,0.353,0.311,0.78,14.9,,,,,,,,,,,,,,False
262,Zeke Nnaji,DEN,PF,25.0,8.18,-0.3,0.9,-3.5,-0.0367,0.61375,-0.914,-0.1117,6.07,2.11,Fringe,3.7,12.0,52,52,12.0,3.7,2.6,0.6,0.3,0.5,0.5,0.47,0.259,0.773,7.2,3.4,2.4,0.5,0.3,0.5,0.5,16.0,12.1,0.463,0.314,0.797,6.6,-0.6,True
263,Isaac Okoro,CHI,SG,25.0,11.0,-0.8,2.2,-3.8,-0.0727,0.4457142857142857,-1.246,-0.1133,2.93,8.07,Fringe,9.3,26.9,63,63,26.9,9.3,2.7,1.6,0.7,0.5,0.7,0.46,0.33,0.795,14.1,,,,,,,,,,,,,,False
264,Olivier-Maxence Prosper,MEM,PF,23.0,1.0,0.5,2.4,-0.1,0.5,0.61375,-0.114,-0.114,11.08,-10.08,Elite Value,10.0,18.6,53,53,18.6,10.0,3.5,1.0,0.8,0.2,0.9,0.549,0.405,0.754,14.6,10.3,3.6,1.0,0.8,0.2,0.9,19.0,16.9,0.544,0.395,0.771,15.0,0.4,True
265,Taylor Hendricks,MEM,PF,22.0,6.13,-0.1,1.1,-2.4,-0.0163,0.61375,-0.714,-0.1165,7.32,-1.19,Fringe,7.4,18.9,59,59,18.9,7.4,3.7,0.9,0.8,0.5,0.8,0.459,0.342,0.681,12.5,7.8,3.9,1.0,0.8,0.5,0.8,11.0,20.3,0.431,0.399,0.684,13.2,0.7,True
266,Isaiah Jackson,LAC,C,24.0,7.6,0.2,2.6,-1.2,0.0263,1.0864864864864865,-0.886,-0.1166,9.2,-1.6,Fair,6.7,16.5,55,55,16.5,6.7,5.3,0.9,0.7,0.9,1.1,0.637,0.0,0.648,13.4,7.7,6.1,1.0,0.8,1.0,1.3,19.0,16.2,0.651,0.001,0.629,15.3,1.9,True
267,Bennedict Mathurin,LAC,SF,23.0,9.19,-0.2,2.1,-2.5,-0.0218,0.8842857142857142,-1.084,-0.118,6.69,2.5,Fringe,17.6,30.0,54,54,30.0,17.6,5.4,2.4,0.8,0.2,2.2,0.43,0.315,0.869,24.2,21.5,6.6,2.9,1.0,0.2,2.7,10.0,29.6,0.443,0.368,0.848,29.5,5.3,True
268,Jordan Miller,LAC,SF,26.0,0.71,0.8,3.5,0.2,1.1268,0.8842857142857142,-0.084,-0.1183,12.96,-12.25,Elite Value,10.0,22.1,60,60,22.1,10.0,3.0,2.3,0.8,0.2,1.1,0.531,0.345,0.777,15.2,10.5,3.1,2.4,0.8,0.2,1.2,22.0,21.1,0.494,0.342,0.764,15.8,0.6,True
269,Justin Champagnie,WAS,SF,24.0,2.35,0.6,3.1,-0.4,0.2553,0.8842857142857142,-0.284,-0.1209,11.71,-9.36,Fair,8.7,20.0,69,69,20.0,8.7,5.6,1.2,0.9,0.6,0.7,0.502,0.319,0.784,16.3,,,,,,,,,,,,,,False
270,Jarace Walker,IND,PF,22.0,6.67,-0.2,0.5,-2.4,-0.03,0.61375,-0.814,-0.122,6.69,-0.02,Fringe,11.6,25.7,76,76,25.7,11.6,5.1,2.5,0.8,0.3,1.8,0.419,0.374,0.749,18.5,10.6,4.6,2.3,0.7,0.3,1.6,13.0,25.2,0.436,0.378,0.763,16.9,-1.6,True
271,Ziaire Williams,BRK,SF,24.0,6.25,0.1,1.6,-1.7,0.016,0.8842857142857142,-0.784,-0.1254,8.57,-2.32,Fair,10.2,22.9,56,56,22.9,10.2,2.4,1.1,1.4,0.4,1.1,0.425,0.343,0.85,14.4,,,,,,,,,,,,,,False
272,Aaron Nesmith,IND,SF,26.0,11.0,-0.5,0.7,-3.4,-0.0455,0.8842857142857142,-1.384,-0.1258,4.81,6.19,Fringe,13.8,29.7,45,45,29.7,13.8,4.2,1.9,0.6,0.5,1.4,0.414,0.379,0.829,19.6,11.3,3.4,1.6,0.5,0.4,1.1,17.0,31.1,0.465,0.39,0.805,16.1,-3.5,True
273,Daniss Jenkins,DET,PG,24.0,3.81,0.5,2.9,-0.7,0.1312,0.9902777777777776,-0.49,-0.1286,11.08,-7.27,Fair,9.3,20.2,72,72,20.2,9.3,2.3,3.9,0.9,0.2,1.6,0.408,0.374,0.832,15.0,9.6,2.4,4.0,0.9,0.2,1.6,20.0,20.4,0.412,0.469,0.843,15.5,0.5,True
274,Egor Dёmin,BRK,PG,19.0,6.89,0.1,0.9,-1.6,0.0145,0.9902777777777776,-0.89,-0.1292,8.57,-1.68,Fair,10.3,25.2,52,52,25.2,10.3,3.2,3.3,0.8,0.3,1.7,0.399,0.385,0.831,16.2,,,,,,,,,,,,,,False
275,Jared McCain,OKC,SG,21.0,4.22,-0.1,1.5,-2.4,-0.0237,0.4457142857142857,-0.546,-0.1294,7.32,-3.1,Fringe,8.3,17.3,67,67,17.3,8.3,2.0,1.3,0.5,0.1,0.8,0.425,0.385,0.864,11.4,7.7,1.9,1.2,0.5,0.1,0.7,19.0,18.0,0.417,0.411,0.833,10.7,-0.7,True
276,Gabe Vincent,ATL,PG,29.0,11.5,-0.5,0.6,-4.3,-0.0435,0.9902777777777776,-1.49,-0.1296,4.81,6.69,Fringe,4.4,16.6,53,53,16.6,4.4,1.0,1.4,0.5,0.1,0.5,0.352,0.341,0.87,6.9,,,,,,,,,,,,,,False
277,Peyton Watson,DEN,SF,23.0,4.36,0.3,2.6,-1.2,0.0688,0.8842857142857142,-0.584,-0.1339,9.83,-5.47,Fair,14.6,29.6,54,54,29.6,14.6,4.9,2.1,0.9,1.1,1.7,0.491,0.411,0.73,21.9,14.1,4.7,2.0,0.9,1.1,1.6,20.0,30.8,0.487,0.39,0.725,21.2,-0.7,True
278,Kevon Looney,NOP,C,29.0,8.0,0.0,0.7,-1.8,0.0,1.0864864864864865,-1.086,-0.1358,7.95,0.05,Fringe,2.8,14.7,21,21,14.7,2.8,5.6,1.6,0.4,0.5,0.4,0.417,0.154,0.7,10.5,,,,,,,,,,,,,,False
279,Andre Drummond,PHI,C,32.0,5.0,0.4,3.4,-0.6,0.08,1.0864864864864865,-0.686,-0.1372,10.45,-5.45,Fair,6.4,19.5,63,63,19.5,6.4,8.4,1.3,0.6,0.8,1.0,0.472,0.356,0.631,16.5,6.1,8.0,1.2,0.6,0.8,1.0,14.0,21.4,0.487,0.385,0.634,15.7,-0.8,True
280,Zach Edey,MEM,C,23.0,6.04,0.2,0.8,0.5,0.0331,1.0864864864864865,-0.886,-0.1467,9.2,-3.16,Fair,13.6,25.8,11,11,25.8,13.6,11.1,1.1,0.6,1.9,2.4,0.633,0.2,0.781,25.9,13.4,10.9,1.1,0.6,1.9,2.4,4.0,25.8,0.59,0.189,0.842,25.5,-0.4,True
281,Ochai Agbaji,BRK,SG,25.0,6.38,-0.5,0.9,-4.0,-0.0784,0.4457142857142857,-0.946,-0.1483,4.81,1.57,Fringe,5.1,15.7,62,62,15.7,5.1,2.3,0.8,0.4,0.3,0.5,0.436,0.266,0.837,8.4,,,,,,,,,,,,,,False
282,Gary Harris,MIL,SG,31.0,3.63,-0.1,0.7,-2.5,-0.0275,0.4457142857142857,-0.546,-0.1504,7.32,-3.69,Fringe,2.7,13.8,48,48,13.8,2.7,1.3,1.1,0.6,0.2,0.4,0.442,0.412,0.889,5.5,2.9,1.4,1.2,0.6,0.2,0.4,13.0,12.9,0.446,0.397,0.855,5.9,0.4,True
283,Jose Alvarado,NYK,PG,27.0,4.5,0.3,2.2,-1.0,0.0667,0.9902777777777776,-0.69,-0.1533,9.83,-5.33,Fair,7.4,19.9,69,69,19.9,7.4,2.5,3.4,1.0,0.1,1.1,0.416,0.352,0.761,13.3,7.5,2.5,3.4,1.0,0.1,1.1,7.0,21.6,0.406,0.379,0.798,13.4,0.1,True
284,Tyus Jones,DEN,PG,29.0,7.0,-0.1,1.0,-2.4,-0.0143,0.9902777777777776,-1.09,-0.1557,7.32,-0.32,Fringe,3.0,14.6,67,67,14.6,3.0,1.1,2.4,0.6,0.0,0.4,0.349,0.292,0.778,6.7,2.9,1.1,2.3,0.6,0.0,0.4,20.0,14.6,0.395,0.293,0.782,6.5,-0.2,True
285,Asa Newell,ATL,PF,20.0,3.24,0.1,1.2,-1.5,0.0309,0.61375,-0.514,-0.1586,8.57,-5.33,Fair,5.2,11.4,44,44,11.4,5.2,2.2,0.6,0.4,0.3,0.5,0.538,0.387,0.552,8.2,,,,,,,,,,,,,,False
286,Jett Howard,ORL,SF,22.0,5.53,0.0,1.3,-1.8,0.0,0.8842857142857142,-0.884,-0.1599,7.95,-2.42,Fringe,5.5,12.6,55,55,12.6,5.5,1.6,0.8,0.2,0.2,0.3,0.418,0.372,0.949,8.0,,,,,,,,,,,,,,False
287,Quinten Post,GSW,PF,25.0,1.96,0.3,1.9,-1.1,0.1531,0.61375,-0.314,-0.1602,9.83,-7.87,Fair,7.7,17.3,67,67,17.3,7.7,4.0,1.4,0.4,0.5,0.8,0.44,0.336,0.791,13.2,7.1,3.7,1.3,0.4,0.5,0.7,8.0,18.8,0.436,0.344,0.801,12.3,-0.9,True
288,Kasparas Jakučionis,MIA,PG,19.0,3.66,0.4,2.3,-0.4,0.1093,0.9902777777777776,-0.59,-0.1612,10.45,-6.79,Fair,6.2,17.8,53,53,17.8,6.2,2.6,2.6,0.6,0.1,0.9,0.429,0.423,0.879,11.2,5.4,2.3,2.3,0.5,0.1,0.8,8.0,18.6,0.471,0.423,0.882,9.8,-1.4,True
289,Carter Bryant,SAS,PF,20.0,4.9,-0.2,1.3,-3.0,-0.0408,0.61375,-0.814,-0.1661,6.69,-1.79,Fringe,4.2,11.5,71,71,11.5,4.2,2.5,0.7,0.2,0.3,0.5,0.408,0.335,0.714,7.4,4.0,2.4,0.7,0.2,0.3,0.5,8.0,11.6,0.38,0.345,0.725,7.1,-0.3,True
290,Cam Thomas,MIL,SG,24.0,6.84,-0.7,-0.4,-5.2,-0.1023,0.4457142857142857,-1.146,-0.1675,3.56,3.28,Fringe,13.5,21.0,42,42,21.0,13.5,1.7,2.6,0.2,0.1,1.8,0.41,0.31,0.811,16.3,13.3,1.7,2.6,0.2,0.1,1.8,16.0,21.9,0.425,0.323,0.807,16.1,-0.2,True
291,Jock Landale,ATL,C,30.0,2.3,0.7,3.8,-0.1,0.3043,1.0864864864864865,-0.386,-0.1678,12.33,-10.03,Elite Value,10.6,22.1,68,68,22.1,10.6,5.7,1.7,0.5,0.5,0.9,0.515,0.383,0.635,18.1,,,,,,,,,,,,,,False
292,Gradey Dick,TOR,SG,22.0,4.99,-0.4,1.4,-3.6,-0.0802,0.4457142857142857,-0.846,-0.1695,5.44,-0.45,Fringe,6.0,14.0,76,76,14.0,6.0,1.9,0.7,0.6,0.1,0.6,0.419,0.301,0.875,8.7,,,,,,,,,,,,,,False
293,Jaden Hardy,WAS,SG,23.0,6.0,-0.6,-0.2,-4.8,-0.1,0.4457142857142857,-1.046,-0.1743,4.19,1.81,Fringe,9.2,15.8,57,57,15.8,9.2,1.5,1.0,0.3,0.1,1.1,0.424,0.397,0.733,11.0,,,,,,,,,,,,,,False
293,D'Angelo Russell,DAL,PG,29.0,5.68,0.0,0.0,-2.3,0.0,0.9902777777777776,-0.99,-0.1743,7.95,-2.27,Fringe,10.2,19.0,26,26,19.0,10.2,2.3,4.0,0.5,0.1,1.9,0.405,0.295,0.717,15.2,11.5,2.6,4.5,0.6,0.1,2.2,14.0,21.6,0.413,0.237,0.753,17.1,1.9,True
295,Ryan Dunn,PHO,SF,23.0,2.66,0.4,2.6,-0.9,0.1504,0.8842857142857142,-0.484,-0.182,10.45,-7.79,Fair,5.8,19.4,70,70,19.4,5.8,4.2,1.5,0.9,0.4,0.8,0.453,0.331,0.489,12.0,,,,,,,,,,,,,,False
296,Jase Richardson,ORL,SG,20.0,2.98,-0.1,1.0,-2.5,-0.0336,0.4457142857142857,-0.546,-0.1832,7.32,-4.34,Fringe,4.4,10.9,54,54,10.9,4.4,1.2,1.1,0.4,0.0,0.5,0.473,0.354,0.717,6.6,,,,,,,,,,,,,,False
297,Jeremiah Fears,NOP,PG,19.0,7.52,-0.4,0.6,-2.7,-0.0532,0.9902777777777776,-1.39,-0.1848,5.44,2.08,Fringe,14.3,25.8,82,82,25.8,14.3,3.7,3.4,1.2,0.4,2.2,0.434,0.33,0.789,20.8,,,,,,,,,,,,,,False
298,Tre Mann,CHO,PG,24.0,8.0,-0.5,0.0,-5.3,-0.0625,0.9902777777777776,-1.49,-0.1862,4.81,3.19,Fringe,5.5,12.6,53,53,12.6,5.5,1.7,1.6,0.5,0.1,1.0,0.36,0.323,0.852,8.4,,,,,,,,,,,,,,False
299,Mouhamed Gueye,ATL,PF,23.0,2.22,0.2,2.7,-1.3,0.0901,0.61375,-0.414,-0.1865,9.2,-6.98,Fair,4.4,15.3,77,77,15.3,4.4,3.6,0.9,0.8,0.5,0.4,0.452,0.308,0.645,9.8,,,,,,,,,,,,,,False
299,GG Jackson II,MEM,PF,21.0,2.22,0.2,1.3,-1.2,0.0901,0.61375,-0.414,-0.1865,9.2,-6.98,Fair,12.5,21.4,55,55,21.4,12.5,4.3,1.5,0.6,0.8,1.5,0.496,0.332,0.742,18.2,12.6,4.3,1.5,0.6,0.8,1.5,22.0,24.5,0.474,0.352,0.731,18.3,0.1,True
301,Tre Johnson,WAS,SG,19.0,8.24,-1.1,-0.7,-5.0,-0.1335,0.4457142857142857,-1.546,-0.1876,1.1,7.14,Fringe,12.2,24.1,60,60,24.1,12.2,2.8,2.0,0.6,0.3,1.6,0.419,0.358,0.874,16.3,,,,,,,,,,,,,,False
302,Sion James,CHO,SG,23.0,2.3,0.0,3.1,-2.0,0.0,0.4457142857142857,-0.446,-0.1939,7.95,-5.65,Fringe,5.4,22.5,82,82,22.5,5.4,3.5,2.0,0.6,0.2,0.8,0.371,0.352,0.837,10.9,,,,,,,,,,,,,,False
303,Seth Curry,GSW,SG,35.0,1.76,0.1,0.4,0.2,0.0568,0.4457142857142857,-0.346,-0.1966,8.57,-6.81,Fair,7.1,13.3,10,10,13.3,7.1,1.2,1.0,0.3,0.0,0.2,0.49,0.48,0.917,9.4,7.6,1.3,1.1,0.3,0.0,0.2,11.0,13.6,0.494,0.451,0.945,10.1,0.7,True
303,Kyshawn George,WAS,SF,22.0,2.97,0.3,0.6,-1.2,0.101,0.8842857142857142,-0.584,-0.1966,9.83,-6.86,Fair,14.8,29.0,48,48,29.0,14.8,5.1,4.5,1.0,0.9,2.6,0.438,0.381,0.802,23.7,,,,,,,,,,,,,,False
305,Julian Strawther,DEN,SG,23.0,2.67,-0.1,1.3,-2.3,-0.0375,0.4457142857142857,-0.546,-0.2045,7.32,-4.65,Fringe,7.2,15.1,57,57,15.1,7.2,2.0,1.1,0.4,0.1,0.6,0.467,0.387,0.814,10.2,6.8,1.9,1.0,0.4,0.1,0.6,9.0,15.5,0.497,0.344,0.798,9.6,-0.6,True
306,Nikola Jović,MIA,PF,22.0,4.45,-0.3,0.0,-3.5,-0.0674,0.61375,-0.914,-0.2054,6.07,-1.62,Fringe,7.3,17.2,47,47,17.2,7.3,3.3,2.2,0.6,0.4,1.4,0.366,0.269,0.683,12.4,6.5,3.0,2.0,0.5,0.4,1.3,4.0,18.7,0.358,0.267,0.681,11.1,-1.3,True
307,Svi Mykhailiuk,UTA,SF,28.0,3.68,0.1,1.1,-1.7,0.0272,0.8842857142857142,-0.784,-0.213,8.57,-4.89,Fair,9.4,23.1,50,50,23.1,9.4,2.5,1.9,0.5,0.1,0.8,0.478,0.408,0.893,13.6,,,,,,,,,,,,,,False
308,Guerschon Yabusele,CHI,C,30.0,5.5,-0.1,1.4,-2.2,-0.0182,1.0864864864864865,-1.186,-0.2156,7.32,-1.82,Fringe,5.6,15.0,67,67,15.0,5.6,3.5,0.9,0.4,0.2,0.6,0.401,0.352,0.75,10.0,,,,,,,,,,,,,,False
309,Moritz Wagner,ORL,C,28.0,5.0,0.0,0.9,-2.2,0.0,1.0864864864864865,-1.086,-0.2172,7.95,-2.95,Fringe,6.9,11.9,36,36,11.9,6.9,3.2,0.8,0.4,0.1,0.5,0.426,0.314,0.819,10.9,,,,,,,,,,,,,,False
310,Kris Murray,POR,SF,25.0,3.13,0.2,2.2,-1.5,0.0639,0.8842857142857142,-0.684,-0.2185,9.2,-6.07,Fair,5.8,23.4,57,57,23.4,5.8,3.6,1.4,0.9,0.4,0.8,0.467,0.279,0.684,11.3,,,,,,,,,,,,,,False
311,Devin Carter,SAC,PG,23.0,4.92,-0.1,0.2,-2.6,-0.0203,0.9902777777777776,-1.09,-0.2215,7.32,-2.4,Fringe,8.9,18.4,38,38,18.4,8.9,3.3,2.7,0.9,0.2,1.4,0.414,0.263,0.713,14.6,,,,,,,,,,,,,,False
312,Kyle Filipowski,UTA,C,22.0,3.0,0.4,3.1,-1.1,0.1333,1.0864864864864865,-0.686,-0.2287,10.45,-7.45,Fair,11.4,23.4,77,77,23.4,11.4,7.2,2.6,0.9,0.5,1.6,0.492,0.325,0.75,21.0,,,,,,,,,,,,,,False
313,Ace Bailey,UTA,SF,19.0,9.07,-1.2,-0.1,-4.4,-0.1323,0.8842857142857142,-2.084,-0.2298,1.1,7.97,Fringe,13.8,27.6,72,72,27.6,13.8,4.2,1.8,0.8,0.7,1.5,0.443,0.344,0.75,19.8,,,,,,,,,,,,,,False
314,Cole Anthony,MIL,PG,25.0,6.0,-0.4,-0.5,-4.7,-0.0667,0.9902777777777776,-1.39,-0.2317,5.44,0.56,Fringe,6.7,15.1,35,35,15.1,6.7,2.5,3.5,0.6,0.3,1.9,0.424,0.306,0.615,11.7,6.1,2.3,3.2,0.5,0.3,1.7,4.0,14.6,0.382,0.309,0.588,10.7,-1.0,True
315,Amir Coffey,PHO,SG,28.0,2.3,-0.1,0.8,-3.1,-0.0435,0.4457142857142857,-0.546,-0.2374,7.32,-5.02,Fringe,3.2,10.7,46,46,10.7,3.2,1.2,0.6,0.2,0.1,0.2,0.487,0.347,0.786,5.1,,,,,,,,,,,,,,False
316,Ousmane Dieng,MIL,C,22.0,6.67,-0.5,0.3,-3.8,-0.075,1.0864864864864865,-1.586,-0.2378,4.81,1.86,Fringe,7.6,19.3,57,57,19.3,7.6,3.2,2.4,0.4,0.3,1.3,0.422,0.341,0.711,12.6,7.1,3.0,2.2,0.4,0.3,1.2,11.0,20.1,0.422,0.32,0.722,11.8,-0.8,True
317,Jordan Hawkins,NOP,SG,23.0,4.74,-0.7,-0.4,-6.2,-0.1477,0.4457142857142857,-1.146,-0.2418,3.56,1.18,Fringe,5.1,13.6,51,51,13.6,5.1,1.7,0.8,0.3,0.2,0.7,0.366,0.348,0.852,7.4,,,,,,,,,,,,,,False
318,Terrence Shannon Jr.,MIN,SG,25.0,2.67,-0.2,1.0,-3.6,-0.0749,0.4457142857142857,-0.646,-0.2419,6.69,-4.02,Fringe,5.6,12.5,43,43,12.5,5.6,1.1,0.9,0.3,0.0,0.6,0.45,0.408,0.8,7.3,,,,,,,,,,,,,,False
319,Jalen Pickett,DEN,SG,26.0,2.22,-0.1,1.0,-2.3,-0.045,0.4457142857142857,-0.546,-0.2459,7.32,-5.1,Fringe,5.2,16.1,50,50,16.1,5.2,2.3,2.3,0.3,0.1,0.7,0.422,0.386,0.789,9.5,6.0,2.7,2.7,0.3,0.1,0.8,21.0,16.4,0.399,0.411,0.825,11.0,1.5,True
320,Dwight Powell,DAL,C,34.0,4.0,0.1,2.6,-1.4,0.025,1.0864864864864865,-0.986,-0.2465,8.57,-4.57,Fair,3.3,14.3,63,63,14.3,3.3,4.1,1.1,0.5,0.3,0.7,0.644,0.286,0.696,8.6,3.1,3.8,1.0,0.5,0.3,0.6,13.0,14.9,0.635,0.246,0.694,8.1,-0.5,True
321,Nikola Topić,OKC,PG,20.0,5.18,-0.3,0.0,-8.4,-0.0579,0.9902777777777776,-1.29,-0.249,6.07,-0.89,Fringe,5.2,16.0,10,10,16.0,5.2,1.9,4.4,0.5,0.0,2.5,0.431,0.4,0.4,9.5,5.5,2.0,4.7,0.5,0.0,2.6,20.0,15.5,0.429,0.388,0.4,10.1,0.6,True
322,Jaylen Clark,MIN,SG,24.0,2.19,-0.1,1.7,-2.4,-0.0457,0.4457142857142857,-0.546,-0.2493,7.32,-5.13,Fringe,4.0,13.1,68,68,13.1,4.0,1.8,0.6,0.7,0.1,0.3,0.434,0.327,0.657,6.9,,,,,,,,,,,,,,False
323,Trendon Watford,PHI,PF,25.0,2.46,0.0,1.4,-1.9,0.0,0.61375,-0.614,-0.2496,7.95,-5.49,Fringe,6.5,16.3,53,53,16.3,6.5,3.3,2.5,0.3,0.4,1.2,0.515,0.2,0.779,11.8,6.0,3.0,2.3,0.3,0.4,1.1,5.0,15.1,0.472,0.182,0.751,10.9,-0.9,True
324,Dalton Knecht,LAL,SF,24.0,4.01,-0.2,0.4,-3.6,-0.0499,0.8842857142857142,-1.084,-0.2703,6.69,-2.68,Fringe,4.2,10.2,54,54,10.2,4.2,1.4,0.4,0.2,0.2,0.4,0.455,0.342,0.727,6.0,,,,,,,,,,,,,,False
325,Will Richard,GSW,SG,23.0,1.27,0.1,2.5,-1.7,0.0787,0.4457142857142857,-0.346,-0.2724,8.57,-7.3,Fair,6.4,20.0,69,69,20.0,6.4,2.5,1.3,1.2,0.1,0.8,0.468,0.335,0.852,10.7,6.8,2.7,1.4,1.3,0.1,0.9,5.0,17.9,0.428,0.334,0.846,11.4,0.7,True
326,Nick Smith Jr.,LAL,SG,21.0,2.71,-0.3,0.1,-4.7,-0.1107,0.4457142857142857,-0.746,-0.2753,6.07,-3.36,Fringe,6.2,12.5,30,30,12.5,6.2,0.8,1.0,0.3,0.1,0.7,0.435,0.395,0.733,7.7,,,,,,,,,,,,,,False
327,Cam Whitmore,WAS,SF,21.0,3.54,-0.1,0.0,-3.3,-0.0282,0.8842857142857142,-0.984,-0.278,7.32,-3.78,Fringe,9.2,16.9,21,21,16.9,9.2,2.8,0.7,0.7,0.4,0.9,0.456,0.286,0.742,12.9,,,,,,,,,,,,,,False
328,Bruce Brown,DEN,SG,29.0,2.3,-0.2,2.9,-2.4,-0.087,0.4457142857142857,-0.646,-0.2809,6.69,-4.39,Fringe,7.9,24.4,82,82,24.4,7.9,3.9,2.1,1.0,0.2,1.1,0.475,0.385,0.762,14.0,8.1,4.0,2.1,1.0,0.2,1.1,19.0,23.3,0.487,0.393,0.722,14.3,0.3,True
329,Hugo González,BOS,SF,19.0,2.78,0.1,2.2,-1.5,0.036,0.8842857142857142,-0.784,-0.282,8.57,-5.79,Fair,3.9,14.6,74,74,14.6,3.9,3.3,0.5,0.6,0.3,0.5,0.476,0.362,0.5,8.1,3.8,3.2,0.5,0.6,0.3,0.5,6.0,14.5,0.463,0.332,0.477,7.9,-0.2,True
330,Liam McNeeley,CHO,SF,20.0,2.76,0.1,0.9,-1.3,0.0362,0.8842857142857142,-0.784,-0.2841,8.57,-5.81,Fair,4.3,11.9,31,31,11.9,4.3,2.4,0.8,0.2,0.1,0.4,0.4,0.4,0.821,7.4,,,,,,,,,,,,,,False
331,Danny Wolf,BRK,PF,21.0,2.8,-0.2,0.8,-2.5,-0.0714,0.61375,-0.814,-0.2907,6.69,-3.89,Fringe,8.9,20.8,57,57,20.8,8.9,4.9,2.2,0.5,0.6,1.3,0.405,0.322,0.771,15.8,,,,,,,,,,,,,,False
332,Yves Missi,NOP,C,21.0,3.35,0.1,2.7,-1.7,0.0299,1.0864864864864865,-0.986,-0.2943,8.57,-5.22,Fair,5.7,19.7,66,66,19.7,5.7,5.8,1.3,0.3,1.5,0.8,0.544,0.0,0.559,13.8,,,,,,,,,,,,,,False
333,Thomas Bryant,CLE,C,28.0,2.3,0.4,2.3,0.1,0.1739,1.0864864864864865,-0.686,-0.2983,10.45,-8.15,Fair,6.2,12.2,60,60,12.2,6.2,3.4,0.6,0.3,0.4,0.5,0.506,0.359,0.803,10.4,6.2,3.4,0.6,0.3,0.4,0.5,4.0,12.2,0.442,0.381,0.809,10.4,0.0,True
334,Ben Sheppard,IND,SG,24.0,2.79,-0.4,1.4,-3.0,-0.1434,0.4457142857142857,-0.846,-0.3032,5.44,-2.65,Fringe,7.1,21.4,65,65,21.4,7.1,3.0,1.8,0.6,0.1,0.6,0.434,0.362,0.765,12.0,6.7,2.8,1.7,0.6,0.1,0.6,11.0,24.3,0.454,0.364,0.798,11.3,-0.7,True
335,Kobe Brown,IND,PF,26.0,2.65,-0.2,1.3,-2.7,-0.0755,0.61375,-0.814,-0.3072,6.69,-4.04,Fringe,5.8,15.8,61,61,15.8,5.8,3.0,1.3,0.4,0.2,0.9,0.469,0.374,0.797,9.8,6.0,3.1,1.3,0.4,0.2,0.9,21.0,17.2,0.476,0.317,0.867,10.1,0.3,True
336,Tyler Kolek,NYK,PG,24.0,2.19,0.3,1.4,-0.6,0.137,0.9902777777777776,-0.69,-0.3151,9.83,-7.64,Fair,4.4,11.7,62,62,11.7,4.4,1.6,2.7,0.4,0.1,0.9,0.435,0.386,0.7,8.3,4.2,1.5,2.6,0.4,0.1,0.9,17.0,11.3,0.417,0.327,0.685,7.9,-0.4,True
337,Micah Potter,IND,C,27.0,1.53,0.6,2.6,0.7,0.3922,1.0864864864864865,-0.486,-0.3176,11.71,-10.18,Elite Value,9.7,19.3,47,47,19.3,9.7,5.0,1.5,0.5,0.3,1.0,0.515,0.423,0.842,16.0,8.8,4.6,1.4,0.5,0.3,0.9,5.0,20.1,0.482,0.423,0.878,14.7,-1.3,True
338,Taurean Prince,MIL,SF,31.0,3.3,-0.2,0.5,-3.1,-0.0606,0.8842857142857142,-1.084,-0.3285,6.69,-3.39,Fringe,9.2,23.5,26,26,23.5,9.2,3.1,1.8,0.6,0.2,1.2,0.45,0.436,1.0,13.7,8.2,2.8,1.6,0.5,0.2,1.1,19.0,23.4,0.471,0.429,1.0,12.2,-1.5,True
339,Justin Edwards,PHI,SF,22.0,2.05,0.2,1.7,-1.3,0.0976,0.8842857142857142,-0.684,-0.3337,9.2,-7.15,Fair,6.0,15.3,64,64,15.3,6.0,1.5,1.3,0.8,0.2,0.6,0.447,0.372,0.846,9.2,6.1,1.5,1.3,0.8,0.2,0.6,20.0,15.3,0.456,0.369,0.842,9.3,0.1,True
340,Cody Williams,UTA,SG,21.0,5.74,-1.5,0.1,-5.5,-0.2613,0.4457142857142857,-1.946,-0.339,1.1,4.64,Fringe,8.8,24.3,67,67,24.3,8.8,3.0,2.0,0.8,0.4,1.1,0.468,0.214,0.706,13.9,,,,,,,,,,,,,,False
341,Tyrese Martin,PHI,SG,26.0,2.19,-0.3,0.1,-3.4,-0.137,0.4457142857142857,-0.746,-0.3406,6.07,-3.88,Fringe,6.3,16.9,46,46,16.9,6.3,2.5,1.7,0.5,0.1,0.9,0.394,0.321,0.679,10.2,7.0,2.8,1.9,0.6,0.1,1.0,19.0,17.4,0.454,0.32,0.69,11.4,1.2,True
342,Marcus Sasser,DET,PG,25.0,2.89,0.0,0.8,-1.7,0.0,0.9902777777777776,-0.99,-0.3426,7.95,-5.06,Fringe,5.2,12.0,38,38,12.0,5.2,1.0,2.0,0.5,0.1,0.8,0.39,0.415,0.833,8.0,5.2,1.0,2.0,0.5,0.1,0.8,21.0,12.7,0.401,0.422,0.835,8.0,0.0,True
343,Rob Dillingham,CHI,PG,21.0,6.58,-1.3,-1.1,-7.3,-0.1976,0.9902777777777776,-2.29,-0.348,1.1,5.48,Fringe,6.3,14.9,65,65,14.9,6.3,2.0,2.2,0.7,0.1,1.5,0.396,0.316,0.745,9.8,,,,,,,,,,,,,,False
344,Leonard Miller,CHI,SF,22.0,2.22,0.1,1.6,-1.3,0.045,0.8842857142857142,-0.784,-0.3532,8.57,-6.35,Fair,7.8,15.6,46,46,15.6,7.8,3.9,0.9,0.4,0.3,0.8,0.553,0.323,0.736,12.5,,,,,,,,,,,,,,False
345,Anthony Gill,WAS,PF,33.0,2.3,-0.2,1.7,-2.6,-0.087,0.61375,-0.814,-0.3539,6.69,-4.39,Fringe,5.8,17.3,55,55,17.3,5.8,2.9,1.3,0.6,0.4,0.7,0.628,0.354,0.739,10.3,,,,,,,,,,,,,,False
345,De'Anthony Melton,GSW,PG,27.0,3.08,-0.1,0.7,-2.5,-0.0325,0.9902777777777776,-1.09,-0.3539,7.32,-4.24,Fringe,12.3,23.0,49,49,23.0,12.3,3.2,2.6,1.6,0.4,1.9,0.407,0.294,0.826,18.2,12.1,3.1,2.6,1.6,0.4,1.9,8.0,23.0,0.417,0.322,0.829,17.9,-0.3,True
345,Larry Nance Jr.,CLE,PF,33.0,2.3,-0.2,0.6,-3.4,-0.087,0.61375,-0.814,-0.3539,6.69,-4.39,Fringe,3.7,12.8,35,35,12.8,3.7,2.7,1.0,0.6,0.2,0.6,0.419,0.333,0.462,7.6,3.8,2.7,1.0,0.6,0.2,0.6,22.0,13.9,0.415,0.3,0.452,7.7,0.1,True
348,Noah Clowney,BRK,PF,21.0,3.4,-0.6,1.1,-3.4,-0.1765,0.61375,-1.214,-0.3571,4.19,-0.79,Fringe,12.3,27.0,66,66,27.0,12.3,4.1,1.6,0.8,0.7,1.5,0.396,0.329,0.804,18.0,,,,,,,,,,,,,,False
349,Nick Richards,CHI,C,28.0,5.0,-0.7,0.6,-6.1,-0.14,1.0864864864864865,-1.786,-0.3572,3.56,1.44,Fringe,5.8,14.6,48,48,14.6,5.8,5.1,0.3,0.2,0.7,1.2,0.512,0.278,0.644,10.9,,,,,,,,,,,,,,False
350,Tyler Smith,DAL,PF,21.0,1.96,-0.1,0.1,-4.8,-0.051,0.61375,-0.714,-0.3643,7.32,-5.36,Fringe,4.7,13.8,12,12,13.8,4.7,2.8,0.4,0.5,0.0,0.5,0.42,0.286,0.667,7.9,5.1,3.1,0.4,0.5,0.0,0.5,10.0,13.1,0.44,0.251,0.632,8.6,0.7,True
351,Vít Krejčí,POR,PG,25.0,2.35,0.1,2.9,-1.6,0.0426,0.9902777777777776,-0.89,-0.3787,8.57,-6.22,Fair,8.5,21.4,65,65,21.4,8.5,2.3,1.5,0.7,0.3,0.6,0.448,0.39,0.745,12.7,,,,,,,,,,,,,,False
352,Johnny Furphy,IND,SG,21.0,1.96,-0.3,0.5,-3.7,-0.1531,0.4457142857142857,-0.746,-0.3806,6.07,-4.11,Fringe,5.1,18.4,35,35,18.4,5.1,4.4,1.2,0.6,0.2,0.8,0.47,0.324,0.486,10.7,5.1,4.4,1.2,0.6,0.2,0.8,19.0,18.8,0.486,0.291,0.447,10.7,0.0,True
353,Yanic Konan Niederhäuser,LAC,C,22.0,2.74,0.0,1.3,-2.2,0.0,1.0864864864864865,-1.086,-0.3964,7.95,-5.21,Fringe,4.3,10.3,41,41,10.3,4.3,2.9,0.3,0.1,0.7,0.6,0.64,0.2,0.758,7.7,4.1,2.8,0.3,0.1,0.7,0.6,15.0,12.1,0.671,0.209,0.774,7.4,-0.3,True
354,Precious Achiuwa,SAC,C,26.0,2.11,0.2,2.9,-1.6,0.0948,1.0864864864864865,-0.886,-0.4199,9.2,-7.09,Fair,10.1,23.9,73,73,23.9,10.1,6.7,1.4,0.9,0.7,0.9,0.528,0.278,0.554,18.9,,,,,,,,,,,,,,False
355,Tony Bradley,ATL,C,28.0,3.2,-0.3,0.9,-4.2,-0.0937,1.0864864864864865,-1.386,-0.4331,6.07,-2.87,Fringe,4.0,11.0,41,41,11.0,4.0,2.8,0.5,0.1,0.2,0.4,0.547,0.5,0.744,7.2,,,,,,,,,,,,,,False
356,DeAndre Jordan,NOP,C,37.0,2.27,0.1,0.6,-0.2,0.0441,1.0864864864864865,-0.986,-0.4344,8.57,-6.3,Fair,4.4,16.6,12,12,16.6,4.4,6.3,0.9,0.3,0.8,0.8,0.656,,0.647,11.9,,,,,,,,,,,,,,False
357,Scotty Pippen Jr.,MEM,PG,25.0,2.27,0.0,0.1,-2.8,0.0,0.9902777777777776,-0.99,-0.4361,7.95,-5.68,Fringe,11.4,21.2,10,10,21.2,11.4,2.2,4.7,1.9,0.4,2.7,0.448,0.313,0.783,17.9,12.3,2.4,5.1,2.1,0.4,2.9,18.0,21.9,0.435,0.35,0.776,19.4,1.5,True
358,Brice Sensabaugh,UTA,SF,22.0,2.69,-0.3,1.1,-2.6,-0.1115,0.8842857142857142,-1.184,-0.4401,6.07,-3.38,Fringe,14.9,23.5,75,75,23.5,14.9,3.1,1.9,0.7,0.2,1.7,0.46,0.367,0.826,19.1,,,,,,,,,,,,,,False
359,Gary Trent Jr.,MIL,SG,27.0,3.7,-1.2,-0.1,-5.4,-0.3243,0.4457142857142857,-1.646,-0.4449,1.1,2.6,Fringe,8.1,21.2,65,65,21.2,8.1,1.0,1.2,0.5,0.0,0.6,0.387,0.36,0.769,10.2,8.3,1.0,1.2,0.5,0.0,0.6,15.0,23.4,0.376,0.347,0.754,10.4,0.2,True
360,Walter Clayton,MEM,PG,22.0,3.99,-0.8,0.3,-4.3,-0.2005,0.9902777777777776,-1.79,-0.4486,2.93,1.06,Fringe,7.8,20.4,69,69,20.4,7.8,2.0,4.0,0.6,0.3,1.7,0.384,0.307,0.901,13.0,8.7,2.2,4.5,0.7,0.3,1.9,16.0,20.9,0.372,0.232,0.901,14.5,1.5,True
361,Isaiah Collier,UTA,PG,21.0,2.64,-0.2,1.7,-2.4,-0.0758,0.9902777777777776,-1.19,-0.4508,6.69,-4.05,Fringe,11.7,25.7,59,59,25.7,11.7,2.5,7.2,1.1,0.3,2.5,0.495,0.27,0.722,20.3,,,,,,,,,,,,,,False
362,Aaron Holiday,HOU,PG,29.0,2.3,-0.1,1.4,-2.4,-0.0435,0.9902777777777776,-1.09,-0.4739,7.32,-5.02,Fringe,5.5,13.7,57,57,13.7,5.5,1.0,1.1,0.5,0.1,0.7,0.417,0.394,0.854,7.5,,,,,,,,,,,,,,False
362,Keaton Wallace,ATL,PG,26.0,2.3,-0.1,0.7,-2.7,-0.0435,0.9902777777777776,-1.09,-0.4739,7.32,-5.02,Fringe,3.5,10.1,53,53,10.1,3.5,1.1,1.8,0.5,0.1,0.5,0.398,0.373,0.667,6.5,,,,,,,,,,,,,,False
362,Chris Paul,LAC,PG,40.0,2.3,-0.1,0.1,-4.2,-0.0435,0.9902777777777776,-1.09,-0.4739,7.32,-5.02,Fringe,2.9,14.3,16,16,14.3,2.9,1.8,3.3,0.7,0.0,1.0,0.321,0.333,0.5,7.7,2.9,1.8,3.3,0.7,0.0,1.0,15.0,15.1,0.341,0.282,0.52,7.7,0.0,True
365,Jaylen Wells,MEM,SG,22.0,1.96,-0.5,1.6,-3.1,-0.2551,0.4457142857142857,-0.946,-0.4827,4.81,-2.85,Fringe,12.5,26.4,69,69,26.4,12.5,3.2,1.6,0.9,0.1,1.1,0.431,0.353,0.784,17.2,11.2,2.9,1.4,0.8,0.1,1.0,18.0,26.8,0.468,0.328,0.789,15.4,-1.8,True
366,Doug McDermott,SAC,SF,34.0,2.3,-0.3,0.2,-4.4,-0.1304,0.8842857142857142,-1.184,-0.5148,6.07,-3.77,Fringe,5.7,15.1,29,29,15.1,5.7,1.3,0.8,0.2,0.1,0.4,0.388,0.39,0.889,7.7,,,,,,,,,,,,,,False
367,Drake Powell,BRK,SG,20.0,3.37,-1.3,-0.1,-6.0,-0.3858,0.4457142857142857,-1.746,-0.5181,1.1,2.27,Fringe,6.5,21.0,63,63,21.0,6.5,1.8,1.4,0.6,0.2,1.0,0.402,0.28,0.896,9.5,,,,,,,,,,,,,,False
368,Rayan Rupert,MEM,SG,21.0,2.35,-0.8,0.6,-5.1,-0.3404,0.4457142857142857,-1.246,-0.5302,2.93,-0.58,Fringe,5.2,16.8,64,64,16.8,5.2,2.9,1.1,0.9,0.1,0.9,0.393,0.324,0.778,9.3,4.6,2.6,1.0,0.8,0.1,0.8,18.0,17.0,0.382,0.307,0.762,8.3,-1.0,True
369,Will Riley,WAS,SF,19.0,3.51,-1.0,0.4,-4.5,-0.2849,0.8842857142857142,-1.884,-0.5368,1.68,1.83,Fringe,10.3,22.1,74,74,22.1,10.3,2.9,2.0,0.7,0.1,1.3,0.439,0.316,0.8,14.7,,,,,,,,,,,,,,False
370,A.J. Green,MIL,SG,26.0,2.3,-0.8,2.4,-3.3,-0.3478,0.4457142857142857,-1.246,-0.5417,2.93,-0.63,Fringe,10.4,29.1,78,78,29.1,10.4,2.7,1.9,0.5,0.1,1.0,0.424,0.419,0.855,14.6,11.7,3.0,2.1,0.6,0.1,1.1,6.0,28.3,0.413,0.407,0.886,16.4,1.8,True
371,Bub Carrington,WAS,PG,20.0,4.68,-1.6,-0.4,-4.7,-0.3419,0.9902777777777776,-2.59,-0.5534,1.1,3.58,Fringe,10.7,27.7,82,82,27.7,10.7,3.4,4.6,0.6,0.2,2.3,0.424,0.408,0.73,17.2,,,,,,,,,,,,,,False
372,Jamal Shead,TOR,PG,23.0,1.96,-0.1,2.7,-2.3,-0.051,0.9902777777777776,-1.09,-0.5561,7.32,-5.36,Fringe,6.6,22.6,82,82,22.6,6.6,1.7,5.4,0.9,0.2,1.4,0.367,0.321,0.784,13.4,,,,,,,,,,,,,,False
373,Drew Eubanks,SAC,C,28.0,2.3,-0.2,0.6,-3.7,-0.087,1.0864864864864865,-1.286,-0.5591,6.69,-4.39,Fringe,5.2,13.1,42,42,13.1,5.2,3.0,0.5,0.4,0.6,0.7,0.596,0.143,0.561,9.0,,,,,,,,,,,,,,False
374,Ben Saraf,BRK,SG,19.0,2.88,-1.2,-1.1,-7.3,-0.4167,0.4457142857142857,-1.646,-0.5715,1.1,1.78,Fringe,7.5,20.8,44,44,20.8,7.5,2.1,3.3,0.9,0.2,2.3,0.396,0.211,0.83,11.7,,,,,,,,,,,,,,False
375,Nique Clifford,SAC,SG,23.0,3.11,-1.4,-0.6,-4.9,-0.4502,0.4457142857142857,-1.846,-0.5936,1.1,2.01,Fringe,8.6,25.1,75,75,25.1,8.6,3.8,2.4,0.9,0.3,1.5,0.418,0.333,0.722,14.5,,,,,,,,,,,,,,False
376,Jericho Sims,MIL,C,27.0,2.46,-0.4,3.2,-3.1,-0.1626,1.0864864864864865,-1.486,-0.6041,5.44,-2.98,Fringe,5.0,19.7,67,67,19.7,5.0,5.5,1.6,0.3,0.3,1.1,0.784,,0.62,11.6,5.6,6.2,1.8,0.3,0.3,1.2,19.0,20.6,0.75,,0.659,13.0,1.4,True
377,Noah Penda,ORL,SF,21.0,1.27,0.1,1.1,-1.5,0.0787,0.8842857142857142,-0.784,-0.6173,8.57,-7.3,Fair,3.8,12.8,59,59,12.8,3.8,3.2,1.2,0.5,0.3,0.7,0.404,0.323,0.688,8.3,,,,,,,,,,,,,,False
378,Jalen Wilson,BRK,PF,25.0,2.22,-0.8,0.2,-5.6,-0.3604,0.61375,-1.414,-0.6369,2.93,-0.71,Fringe,6.4,15.9,54,54,15.9,6.4,2.1,0.9,0.4,0.0,0.7,0.396,0.355,0.719,9.1,,,,,,,,,,,,,,False
379,Nolan Traoré,BRK,PG,19.0,3.81,-1.5,-1.6,-6.8,-0.3937,0.9902777777777776,-2.49,-0.6535,1.1,2.71,Fringe,8.9,22.2,56,56,22.2,8.9,1.8,3.8,0.8,0.4,2.3,0.38,0.318,0.787,13.4,,,,,,,,,,,,,,False
380,Adem Bona,PHI,C,22.0,1.96,-0.3,2.9,-2.9,-0.1531,1.0864864864864865,-1.386,-0.7071,6.07,-4.11,Fringe,4.8,17.4,71,71,17.4,4.8,4.3,0.5,0.4,1.2,0.8,0.595,0.333,0.708,10.4,4.7,4.2,0.5,0.4,1.2,0.8,14.0,16.9,0.589,0.324,0.72,10.2,-0.2,True
381,Rasheer Fleming,PHO,PF,21.0,1.27,-0.3,0.8,-3.8,-0.2362,0.61375,-0.914,-0.7197,6.07,-4.8,Fringe,4.3,12.2,55,55,12.2,4.3,2.3,0.3,0.4,0.4,0.5,0.405,0.346,0.559,7.2,,,,,,,,,,,,,,False
382,Kam Jones,IND,SG,23.0,1.27,-0.6,0.0,-6.2,-0.4724,0.4457142857142857,-1.046,-0.8236,4.19,-2.92,Fringe,4.4,16.6,37,37,16.6,4.4,1.6,3.2,0.5,0.0,1.0,0.402,0.293,0.5,8.7,4.2,1.5,3.1,0.5,0.0,1.0,10.0,17.6,0.426,0.324,0.524,8.3,-0.4,True
383,Nae'Qwan Tomlin,CLE,PF,25.0,0.72,0.0,2.2,-2.1,0.0,0.61375,-0.614,-0.8528,7.95,-7.23,Fringe,5.8,15.7,64,64,15.7,5.8,2.9,0.8,0.6,0.5,0.5,0.478,0.235,0.77,10.1,6.4,3.2,0.9,0.7,0.6,0.6,13.0,17.0,0.422,0.215,0.801,11.2,1.1,True
384,Tyrese Proctor,CLE,PG,21.0,1.27,-0.1,0.7,-2.8,-0.0787,0.9902777777777776,-1.09,-0.8583,7.32,-6.05,Fringe,5.4,10.9,50,50,10.9,5.4,1.3,1.5,0.5,0.0,0.8,0.413,0.351,0.889,7.9,4.9,1.2,1.4,0.5,0.0,0.7,22.0,11.4,0.392,0.325,0.917,7.3,-0.6,True
385,Bryce McGowens,NOP,SG,23.0,0.72,-0.2,1.7,-2.8,-0.2778,0.4457142857142857,-0.646,-0.8972,6.69,-5.97,Fringe,8.1,21.0,42,42,21.0,8.1,2.1,1.5,0.6,0.2,0.4,0.481,0.409,0.779,12.1,,,,,,,,,,,,,,False
386,Micah Peavy,NOP,SG,24.0,1.27,-0.7,0.4,-5.2,-0.5512,0.4457142857142857,-1.146,-0.9024,3.56,-2.29,Fringe,4.3,15.0,61,61,15.0,4.3,1.9,1.0,0.7,0.1,0.3,0.385,0.259,0.759,7.7,,,,,,,,,,,,,,False
387,Jabari Walker,PHI,PF,23.0,0.72,-0.1,1.7,-2.7,-0.1389,0.61375,-0.714,-0.9917,7.32,-6.6,Fringe,4.3,11.9,64,64,11.9,4.3,3.0,0.5,0.4,0.2,0.4,0.455,0.337,0.735,8.0,4.0,2.8,0.5,0.4,0.2,0.4,20.0,11.9,0.435,0.351,0.75,7.5,-0.5,True
388,E.J. Liddell,BRK,PF,25.0,0.71,-0.1,0.5,-3.3,-0.1408,0.61375,-0.714,-1.0056,7.32,-6.61,Fringe,5.7,13.4,26,26,13.4,5.7,2.7,0.9,0.2,0.4,0.6,0.486,0.346,0.808,9.3,,,,,,,,,,,,,,False
389,Maxime Raynaud,SAC,C,22.0,1.27,-0.2,3.6,-2.4,-0.1575,1.0864864864864865,-1.286,-1.0126,6.69,-5.42,Fringe,12.5,26.5,74,74,26.5,12.5,7.5,1.4,0.5,0.5,1.3,0.571,0.324,0.786,21.1,,,,,,,,,,,,,,False
390,Garrison Mathews,IND,SG,29.0,0.43,0.0,0.4,-1.3,0.0,0.4457142857142857,-0.446,-1.0372,7.95,-7.52,Fringe,5.2,13.1,15,15,13.1,5.2,1.1,0.7,0.4,0.2,0.2,0.404,0.37,0.826,7.4,5.4,1.1,0.7,0.4,0.2,0.2,19.0,13.7,0.346,0.324,0.841,7.6,0.2,True
391,Cameron Payne,PHI,PG,31.0,0.71,0.2,0.8,0.3,0.2817,0.9902777777777776,-0.79,-1.1127,9.2,-8.49,Fair,7.4,17.0,22,22,17.0,7.4,2.0,2.6,1.1,0.3,0.5,0.376,0.33,0.864,12.9,7.1,1.9,2.5,1.1,0.3,0.5,12.0,17.0,0.352,0.342,0.877,12.4,-0.5,True
392,Pat Spencer,GSW,PG,29.0,0.86,-0.1,1.4,-2.3,-0.1163,0.9902777777777776,-1.09,-1.2674,7.32,-6.46,Fringe,7.2,18.6,66,66,18.6,7.2,2.4,3.5,0.7,0.1,1.3,0.427,0.357,0.772,12.6,7.1,2.4,3.5,0.7,0.1,1.3,18.0,20.0,0.404,0.36,0.745,12.5,-0.1,True
393,Kobe Sanders,LAC,SG,23.0,0.48,-0.3,1.4,-2.9,-0.625,0.4457142857142857,-0.746,-1.5542,6.07,-5.59,Fringe,7.3,19.9,68,68,19.9,7.3,2.3,1.6,0.7,0.1,1.2,0.466,0.408,0.826,10.8,7.1,2.2,1.6,0.7,0.1,1.2,11.0,18.1,0.461,0.404,0.844,10.5,-0.3,True
394,Spencer Jones,DEN,SF,24.0,0.62,-0.1,2.6,-2.4,-0.1613,0.8842857142857142,-0.984,-1.5871,7.32,-6.7,Fringe,5.5,22.1,64,64,22.1,5.5,3.3,0.8,0.8,0.5,0.5,0.504,0.396,0.608,10.4,5.6,3.4,0.8,0.8,0.5,0.5,17.0,22.1,0.532,0.444,0.574,10.6,0.2,True
395,Sidy Cissoko,POR,SF,21.0,0.69,-0.7,1.3,-4.0,-1.0145,0.8842857142857142,-1.584,-2.2957,3.56,-2.87,Fringe,5.1,19.1,75,75,19.1,5.1,2.2,1.5,0.7,0.3,0.9,0.398,0.298,0.659,8.9,,,,,,,,,,,,,,False
396,Charles Bassey,GSW,C,25.0,0.26,0.2,0.7,1.9,0.7692,1.0864864864864865,-0.886,-3.4077,9.2,-8.94,Fair,5.8,11.8,13,13,11.8,5.8,4.4,0.5,0.3,0.8,0.5,0.66,,0.7,11.3,6.4,4.9,0.6,0.3,0.9,0.6,16.0,10.6,0.654,,0.68,12.5,1.2,True
397,Mac McClung,CHI,SG,27.0,0.16,-0.1,0.0,-5.1,-0.625,0.4457142857142857,-0.546,-3.4125,7.32,-7.16,Fringe,6.1,12.3,11,11,12.3,6.1,0.9,0.9,1.0,0.3,0.8,0.39,0.233,0.778,8.4,,,,,,,,,,,,,,False
398,Malachi Smith,BRK,SG,26.0,0.07,0.1,0.7,-0.8,1.4286,0.4457142857142857,-0.346,-4.9429,8.57,-8.5,Fair,8.3,23.9,15,15,23.9,8.3,3.4,3.3,0.8,0.3,0.9,0.485,0.435,1.0,15.2,,,,,,,,,,,,,,False
399,Christian Koloko,ATL,C,25.0,0.26,-0.2,0.3,-4.7,-0.7692,1.0864864864864865,-1.286,-4.9462,6.69,-6.43,Fringe,2.7,13.2,27,27,13.2,2.7,3.0,0.7,0.5,0.9,0.6,0.419,0.111,0.667,7.2,,,,,,,,,,,,,,False
400,Killian Hayes,SAC,PG,24.0,0.26,-0.4,-0.3,-6.0,-1.5385,0.9902777777777776,-1.39,-5.3462,5.44,-5.18,Fringe,5.5,17.7,23,23,17.7,5.5,2.3,3.5,0.9,0.2,1.2,0.304,0.27,0.929,11.2,,,,,,,,,,,,,,False
401,Jeremiah Robinson-Earl,DAL,PF,25.0,0.13,-0.3,0.2,-5.2,-2.3077,0.61375,-0.914,-7.0308,6.07,-5.94,Fringe,4.6,16.4,22,22,16.4,4.6,4.7,0.7,0.4,0.0,0.5,0.37,0.244,0.944,9.9,4.6,4.7,0.7,0.4,0.0,0.5,8.0,15.3,0.344,0.306,0.977,9.9,0.0,True
