value_rank,player,team,pos,age,salary_millions,vorp,ws,bpm,vorp_per_million,position_avg_vorp,vorp_above_position,position_adj_value,expected_salary_millions,overpay_millions,value_tier,pts_per_game,mp_per_game,g
1,Collin Gillespie,PHO,PG,26.0,2.3,2.6,6.2,2.5,1.1304,0.9902777777777777,1.61,0.7,24.24,-21.94,Elite Value,12.7,28.5,80
2,Neemias Queta,BOS,C,26.0,2.35,2.4,9.0,2.8,1.0213,1.0864864864864865,1.314,0.5591,22.98,-20.63,Elite Value,10.2,25.3,76
3,Cam Spencer,MEM,SG,25.0,2.54,1.8,5.3,2.2,0.7087,0.4457142857142857,1.354,0.5331,19.22,-16.68,Elite Value,11.1,23.8,72
4,Javonte Green,DET,SG,32.0,2.3,1.5,4.7,2.1,0.6522,0.4457142857142857,1.054,0.4583,17.34,-15.04,Elite Value,6.9,17.6,82
5,Sandro Mamukelashvili,TOR,C,26.0,2.46,2.1,6.2,2.8,0.8537,1.0864864864864865,1.014,0.4122,21.1,-18.64,Elite Value,11.2,21.9,80
6,Jalen Duren,DET,C,22.0,6.48,3.5,11.0,5.0,0.5401,1.0864864864864865,2.414,0.3725,29.87,-23.39,Elite Value,19.5,28.2,70
7,Victor Wembanyama,SAS,C,22.0,13.38,6.0,10.0,10.7,0.4484,1.0864864864864865,4.914,0.3673,45.54,-32.16,Elite Value,25.0,29.2,64
8,Julian Champagnie,SAS,SF,24.0,3.0,1.9,6.2,1.4,0.6333,0.8842857142857142,1.016,0.3387,19.85,-16.85,Elite Value,11.1,27.6,82
9,Ajay Mitchell,OKC,SG,23.0,3.0,1.4,4.8,1.9,0.4667,0.4457142857142857,0.954,0.318,16.72,-13.72,Elite Value,13.6,25.8,57
10,Dru Smith,MIA,SG,28.0,2.38,1.2,3.0,2.2,0.5042,0.4457142857142857,0.754,0.3168,15.46,-13.08,Elite Value,5.6,16.3,70
11,Moussa Diabaté,CHO,C,24.0,2.27,1.8,7.4,1.7,0.793,1.0864864864864865,0.714,0.3145,19.22,-16.95,Elite Value,7.9,26.0,73
12,Gary Payton II,GSW,SG,33.0,2.3,1.1,3.5,1.9,0.4783,0.4457142857142857,0.654,0.2843,14.84,-12.54,Elite Value,7.5,15.6,73
13,Payton Pritchard,BOS,PG,28.0,7.23,2.8,8.5,2.3,0.3873,0.9902777777777777,1.81,0.2503,25.49,-18.26,Elite Value,17.0,32.4,79
14,Amen Thompson,HOU,PG,23.0,9.69,3.4,10.3,2.6,0.3509,0.9902777777777777,2.41,0.2487,29.25,-19.56,Elite Value,18.3,37.4,79
15,Brandin Podziemski,GSW,SG,22.0,3.69,1.3,5.1,0.2,0.3523,0.4457142857142857,0.854,0.2314,16.09,-12.4,Elite Value,13.8,28.5,82
16,Kon Knueppel,CHO,SF,20.0,10.02,3.1,8.0,2.8,0.3094,0.8842857142857142,2.216,0.2212,27.37,-17.35,Elite Value,18.5,31.5,81
17,Jordan Goodwin,PHO,PG,27.0,2.35,1.5,3.9,1.8,0.6383,0.9902777777777777,0.51,0.217,17.34,-14.99,Elite Value,8.7,22.5,70
18,Cason Wallace,OKC,SG,22.0,5.82,1.7,5.2,1.2,0.2921,0.4457142857142857,1.254,0.2155,18.6,-12.78,Elite Value,8.6,26.6,77
19,Dyson Daniels,ATL,SG,22.0,7.71,2.1,6.6,1.3,0.2724,0.4457142857142857,1.654,0.2145,21.1,-13.39,Elite Value,11.9,33.2,76
20,Donovan Clingan,POR,C,21.0,7.18,2.6,8.6,3.0,0.3621,1.0864864864864865,1.514,0.2109,24.24,-17.06,Elite Value,12.1,27.2,77
21,Reed Sheppard,HOU,SG,21.0,10.6,2.5,5.9,2.7,0.2358,0.4457142857142857,2.054,0.1938,23.61,-13.01,Elite Value,13.5,26.2,82
22,Deni Avdija,POR,SF,25.0,14.38,3.5,7.0,4.3,0.2434,0.8842857142857142,2.616,0.1819,29.87,-15.49,Elite Value,24.2,33.3,66
23,Chet Holmgren,OKC,PF,23.0,13.73,3.1,9.1,4.2,0.2258,0.61375,2.486,0.1811,27.37,-13.64,Elite Value,17.1,28.9,69
24,Shai Gilgeous-Alexander,OKC,PG,27.0,38.33,7.8,15.2,11.7,0.2035,0.9902777777777777,6.81,0.1777,56.82,-18.49,Elite Value,31.1,33.2,68
25,Baylor Scheierman,BOS,SG,25.0,2.62,0.9,3.8,0.6,0.3435,0.4457142857142857,0.454,0.1733,13.58,-10.96,Elite Value,5.5,18.6,77
26,Ausar Thompson,DET,SF,23.0,8.78,2.4,5.7,3.1,0.2733,0.8842857142857142,1.516,0.1727,22.98,-14.2,Elite Value,9.9,26.0,73
27,Josh Minott,BRK,PF,23.0,2.38,1.0,2.4,2.5,0.4202,0.61375,0.386,0.1622,14.21,-11.83,Elite Value,7.4,17.0,49
28,Kel'el Ware,MIA,C,21.0,4.44,1.8,6.2,2.1,0.4054,1.0864864864864865,0.714,0.1608,19.22,-14.78,Elite Value,11.1,22.1,77
29,Nikola Jokić,DEN,C,30.0,55.22,9.2,14.9,14.2,0.1666,1.0864864864864865,8.114,0.1469,65.59,-10.37,Elite Value,27.7,34.8,65
30,Oso Ighodaro,PHO,PF,23.0,1.96,0.9,4.7,0.1,0.4592,0.61375,0.286,0.1459,13.58,-11.62,Elite Value,6.5,22.0,82
31,Ryan Kalkbrenner,CHO,C,24.0,2.3,1.4,5.7,1.8,0.6087,1.0864864864864865,0.314,0.1365,16.72,-14.42,Elite Value,7.6,21.4,69
32,Jaylon Tyson,CLE,SG,23.0,3.49,0.9,4.0,0.1,0.2579,0.4457142857142857,0.454,0.1301,13.58,-10.09,Elite Value,13.2,26.9,66
33,Ayo Dosunmu,MIN,SG,26.0,7.52,1.4,4.9,1.0,0.1862,0.4457142857142857,0.954,0.1269,16.72,-9.2,Good Value,14.8,27.3,69
34,Luka Dončić,LAL,PG,26.0,46.0,6.6,9.5,9.3,0.1435,0.9902777777777777,5.61,0.122,49.3,-3.3,Good Value,33.5,35.8,64
35,Austin Reaves,LAL,SG,27.0,13.94,2.1,5.6,2.8,0.1506,0.4457142857142857,1.654,0.1187,21.1,-7.16,Good Value,23.3,34.5,51
36,Tim Hardaway Jr.,DEN,SG,33.0,2.3,0.7,4.4,-0.7,0.3043,0.4457142857142857,0.254,0.1104,12.33,-10.03,Elite Value,13.5,26.6,80
37,Nickeil Alexander-Walker,ATL,SG,27.0,15.16,2.1,6.3,1.2,0.1385,0.4457142857142857,1.654,0.1091,21.1,-5.94,Good Value,20.8,33.4,78
38,Derrick White,BOS,SG,31.0,28.1,3.5,7.0,3.2,0.1246,0.4457142857142857,3.054,0.1087,29.87,-1.77,Good Value,16.5,34.1,77
39,Stephon Castle,SAS,PG,21.0,9.56,2.0,5.8,1.9,0.2092,0.9902777777777777,1.01,0.1056,20.48,-10.92,Elite Value,16.7,30.0,68
40,Jaylin Williams,OKC,PF,23.0,8.45,1.5,4.1,2.7,0.1775,0.61375,0.886,0.1049,17.34,-8.89,Good Value,7.2,19.6,65
41,Miles McBride,NYK,SG,25.0,4.33,0.9,2.7,1.2,0.2079,0.4457142857142857,0.454,0.1048,13.58,-9.25,Good Value,12.0,26.3,41
42,Donte DiVincenzo,MIN,SG,29.0,11.99,1.7,5.2,0.8,0.1418,0.4457142857142857,1.254,0.1046,18.6,-6.61,Good Value,12.2,30.4,82
43,Jalen Johnson,ATL,SF,24.0,30.0,4.0,7.5,4.2,0.1333,0.8842857142857142,3.116,0.1039,33.01,-3.01,Good Value,22.5,35.2,72
44,Tyrese Maxey,PHI,PG,25.0,37.96,4.9,8.7,5.4,0.1291,0.9902777777777777,3.91,0.103,38.65,-0.69,Good Value,28.3,38.0,70
45,Isaiah Joe,OKC,SG,26.0,12.36,1.7,5.5,2.5,0.1375,0.4457142857142857,1.254,0.1015,18.6,-6.24,Good Value,11.1,21.2,71
46,Paolo Banchero,ORL,PF,23.0,15.33,2.1,5.0,1.4,0.137,0.61375,1.486,0.0969,21.1,-5.77,Good Value,22.2,34.8,72
47,Paul Reed,DET,C,26.0,5.34,1.6,4.5,5.3,0.2996,1.0864864864864865,0.514,0.0963,17.97,-12.63,Elite Value,7.8,13.9,65
48,Craig Porter Jr.,CLE,PG,25.0,2.22,1.2,2.8,2.0,0.5405,0.9902777777777777,0.21,0.0946,15.46,-13.24,Elite Value,4.5,17.9,64
49,Mikal Bridges,NYK,SF,29.0,24.9,3.2,8.0,2.7,0.1285,0.8842857142857142,2.316,0.093,28.0,-3.1,Good Value,14.4,32.8,82
50,Scottie Barnes,TOR,PF,24.0,38.66,4.2,7.8,4.2,0.1086,0.61375,3.586,0.0928,34.26,4.4,Good Value,18.1,33.5,80
51,Kawhi Leonard,LAC,SF,34.0,50.0,5.3,9.2,8.0,0.106,0.8842857142857142,4.416,0.0883,41.15,8.85,Poor Value,27.9,32.1,65
52,Saddiq Bey,NOP,SF,26.0,6.12,1.4,5.4,0.5,0.2288,0.8842857142857142,0.516,0.0843,16.72,-10.6,Elite Value,17.7,31.2,72
53,Jalen Williams,OKC,SG,24.0,6.58,1.0,3.0,2.1,0.152,0.4457142857142857,0.554,0.0842,14.21,-7.63,Good Value,17.1,28.4,33
54,Luke Kornet,SAS,C,30.0,11.0,2.0,6.9,3.6,0.1818,1.0864864864864865,0.914,0.0831,20.48,-9.48,Good Value,6.5,21.0,68
55,Josh Hart,NYK,SF,30.0,19.47,2.5,6.1,3.0,0.1284,0.8842857142857142,1.616,0.083,23.61,-4.14,Good Value,12.0,30.2,66
56,Marvin Bagley III,DAL,PF,26.0,2.3,0.8,3.8,0.8,0.3478,0.61375,0.186,0.0809,12.96,-10.66,Elite Value,10.5,20.0,60
56,Donovan Mitchell,CLE,SG,29.0,46.39,4.2,8.2,5.1,0.0905,0.4457142857142857,3.754,0.0809,34.26,12.13,Poor Value,27.9,33.5,70
58,Cooper Flagg,DAL,SF,19.0,13.83,2.0,3.8,1.4,0.1446,0.8842857142857142,1.116,0.0807,20.48,-6.65,Good Value,21.0,33.5,70
59,Cade Cunningham,DET,PG,24.0,46.39,4.6,7.9,6.3,0.0992,0.9902777777777777,3.61,0.0778,36.77,9.62,Poor Value,23.9,33.9,64
60,Ryan Rollins,MIL,PG,23.0,4.0,1.3,3.4,0.2,0.325,0.9902777777777777,0.31,0.0775,16.09,-12.09,Elite Value,17.3,32.1,74
61,Alperen Şengün,HOU,C,23.0,33.94,3.7,8.0,4.2,0.109,1.0864864864864865,2.614,0.077,31.13,2.81,Good Value,20.4,33.3,72
62,Brandon Miller,CHO,SF,23.0,11.97,1.8,4.5,1.6,0.1504,0.8842857142857142,0.916,0.0765,19.22,-7.25,Good Value,20.2,30.3,65
63,Keyonte George,UTA,PG,22.0,4.28,1.3,3.3,0.9,0.3037,0.9902777777777777,0.31,0.0724,16.09,-11.81,Elite Value,23.6,33.1,54
64,Kevin Durant,HOU,SF,37.0,54.71,4.7,10.7,4.5,0.0859,0.8842857142857142,3.816,0.0697,37.39,17.32,Overpaid,26.0,36.4,78
65,Dylan Harper,SAS,SG,19.0,12.37,1.3,4.2,1.4,0.1051,0.4457142857142857,0.854,0.069,16.09,-3.72,Good Value,11.8,22.6,69
66,Trey Murphy III,NOP,SF,25.0,25.0,2.6,6.0,2.4,0.104,0.8842857142857142,1.716,0.0686,24.24,0.76,Good Value,21.5,35.5,66
67,Sam Hauser,BOS,PF,28.0,10.04,1.3,5.0,0.6,0.1295,0.61375,0.686,0.0683,16.09,-6.05,Good Value,9.2,24.8,78
68,Jamal Murray,DEN,PG,28.0,46.39,4.1,9.5,4.1,0.0884,0.9902777777777777,3.11,0.067,33.63,12.76,Poor Value,25.4,35.4,75
68,Keon Ellis,CLE,SG,26.0,2.3,0.6,2.2,-0.5,0.2609,0.4457142857142857,0.154,0.067,11.71,-9.41,Good Value,6.7,20.5,72
68,Anthony Edwards,MIN,SG,24.0,45.55,3.5,6.5,4.5,0.0768,0.4457142857142857,3.054,0.067,29.87,15.68,Overpaid,28.8,35.0,61
71,James Harden,CLE,PG,36.0,39.18,3.6,7.7,3.9,0.0919,0.9902777777777777,2.61,0.0666,30.5,8.68,Poor Value,23.6,34.8,70
72,Jalen Brunson,NYK,PG,29.0,34.94,3.3,8.8,3.1,0.0944,0.9902777777777777,2.31,0.0661,28.62,6.32,Poor Value,26.0,35.0,74
73,Tre Jones,CHI,PG,26.0,8.0,1.5,5.7,1.3,0.1875,0.9902777777777777,0.51,0.0638,17.34,-9.34,Good Value,14.1,27.0,65
74,LaMelo Ball,CHO,PG,24.0,37.96,3.4,6.2,4.7,0.0896,0.9902777777777777,2.41,0.0635,29.25,8.71,Poor Value,20.1,28.0,72
75,Grayson Allen,PHO,SG,30.0,16.88,1.5,3.9,2.1,0.0889,0.4457142857142857,1.054,0.0624,17.34,-0.46,Good Value,16.5,28.8,51
76,Collin Murray-Boyles,TOR,PF,20.0,6.33,1.0,4.0,1.0,0.158,0.61375,0.386,0.061,14.21,-7.88,Good Value,8.5,21.9,57
77,Royce O'Neale,PHO,SF,32.0,10.12,1.5,4.6,0.7,0.1482,0.8842857142857142,0.616,0.0609,17.34,-7.22,Good Value,9.8,28.4,78
78,Kevin Porter Jr.,MIL,PG,25.0,5.13,1.3,2.8,2.1,0.2534,0.9902777777777777,0.31,0.0604,16.09,-10.96,Elite Value,17.4,33.2,38
79,John Konchar,UTA,SG,29.0,6.16,0.8,2.4,0.9,0.1299,0.4457142857142857,0.354,0.0575,12.96,-6.8,Good Value,4.4,19.9,56
80,Jaime Jaquez Jr.,MIA,SF,24.0,3.86,1.1,4.2,0.1,0.285,0.8842857142857142,0.216,0.056,14.84,-10.98,Elite Value,15.4,28.3,75
81,Julius Randle,MIN,PF,31.0,30.86,2.3,7.4,1.5,0.0745,0.61375,1.686,0.0546,22.36,8.5,Poor Value,21.1,33.0,79
82,Norman Powell,MIA,SG,32.0,20.48,1.5,4.0,1.6,0.0732,0.4457142857142857,1.054,0.0515,17.34,3.14,Good Value,21.7,29.6,58
83,Miles Bridges,CHO,PF,27.0,25.0,1.9,6.5,1.1,0.076,0.61375,1.286,0.0514,19.85,5.15,Poor Value,17.1,31.0,77
84,Desmond Bane,ORL,SG,27.0,36.73,2.3,7.4,1.4,0.0626,0.4457142857142857,1.854,0.0505,22.36,14.37,Poor Value,20.1,33.6,82
85,Mark Williams,PHO,C,24.0,6.28,1.4,6.3,2.0,0.2229,1.0864864864864865,0.314,0.05,16.72,-10.44,Elite Value,11.7,23.6,60
86,VJ Edgecombe,PHI,SG,20.0,11.11,1.0,4.4,-0.5,0.09,0.4457142857142857,0.554,0.0499,14.21,-3.1,Good Value,16.0,35.0,75
87,Bones Hyland,MIN,PG,25.0,2.3,1.1,3.1,1.7,0.4783,0.9902777777777777,0.11,0.0478,14.84,-12.54,Elite Value,8.5,16.6,71
88,Immanuel Quickley,TOR,PG,26.0,32.5,2.5,6.5,2.4,0.0769,0.9902777777777777,1.51,0.0465,23.61,8.89,Poor Value,16.4,31.9,70
89,Luka Garza,BOS,C,27.0,2.46,1.2,5.3,2.4,0.4878,1.0864864864864865,0.114,0.0463,15.46,-13.0,Elite Value,8.1,16.2,69
90,Robert Williams,POR,C,28.0,13.29,1.7,4.5,4.5,0.1279,1.0864864864864865,0.614,0.0462,18.6,-5.31,Good Value,6.7,17.1,59
91,Jaylen Brown,BOS,SF,29.0,53.14,3.3,6.9,3.3,0.0621,0.8842857142857142,2.416,0.0455,28.62,24.52,Overpaid,28.7,34.4,71
92,Cedric Coward,MEM,SG,22.0,5.72,0.7,2.5,-0.2,0.1224,0.4457142857142857,0.254,0.0444,12.33,-6.61,Good Value,13.6,25.8,62
93,Giannis Antetokounmpo,MIL,PF,31.0,54.13,3.0,5.0,9.5,0.0554,0.61375,2.386,0.0441,26.74,27.39,Overpaid,27.6,28.9,36
94,Evan Mobley,CLE,PF,24.0,46.39,2.6,6.5,3.0,0.056,0.61375,1.986,0.0428,24.24,22.15,Overpaid,18.2,31.9,65
95,Zion Williamson,NOP,PF,25.0,39.45,2.3,6.1,2.9,0.0583,0.61375,1.686,0.0427,22.36,17.09,Overpaid,21.0,29.7,62
96,OG Anunoby,NYK,PF,28.0,39.57,2.3,6.3,2.0,0.0581,0.61375,1.686,0.0426,22.36,17.21,Overpaid,16.7,33.2,67
97,Ja'Kobe Walter,TOR,SG,21.0,3.64,0.6,3.7,-0.3,0.1648,0.4457142857142857,0.154,0.0423,11.71,-8.07,Good Value,7.5,20.5,72
98,Luke Kennard,LAL,SG,29.0,11.0,0.9,4.5,0.1,0.0818,0.4457142857142857,0.454,0.0413,13.58,-2.58,Good Value,8.4,21.6,78
99,Josh Giddey,CHI,PG,23.0,25.0,2.0,3.2,2.7,0.08,0.9902777777777777,1.01,0.0404,20.48,4.52,Good Value,17.0,32.1,54
100,Ty Jerome,MEM,SG,28.0,8.78,0.8,1.3,7.7,0.0911,0.4457142857142857,0.354,0.0403,12.96,-4.18,Good Value,19.7,22.6,15
101,Mitchell Robinson,NYK,C,27.0,12.95,1.6,5.8,3.5,0.1236,1.0864864864864865,0.514,0.0397,17.97,-5.02,Good Value,5.7,19.6,60
102,Jordan Walsh,BOS,PF,21.0,2.22,0.7,3.8,0.2,0.3153,0.61375,0.086,0.0387,12.33,-10.11,Elite Value,5.4,17.8,68
102,Toumani Camara,POR,PF,25.0,2.22,0.7,4.8,-1.0,0.3153,0.61375,0.086,0.0387,12.33,-10.11,Elite Value,13.4,33.3,82
104,De'Aaron Fox,SAS,PG,28.0,37.1,2.4,6.4,2.2,0.0647,0.9902777777777777,1.41,0.038,22.98,14.12,Poor Value,18.6,31.0,72
105,Karl-Anthony Towns,NYK,C,30.0,53.14,3.1,9.5,3.3,0.0583,1.0864864864864865,2.014,0.0379,27.37,25.77,Overpaid,20.1,31.0,75
106,Duncan Robinson,DET,SF,31.0,16.83,1.5,6.1,0.8,0.0891,0.8842857142857142,0.616,0.0366,17.34,-0.51,Good Value,12.2,27.4,77
107,LeBron James,LAL,SF,41.0,52.63,2.8,5.4,3.5,0.0532,0.8842857142857142,1.916,0.0364,25.49,27.14,Overpaid,20.9,33.2,60
108,Jarrett Allen,CLE,C,27.0,20.0,1.8,6.4,2.6,0.09,1.0864864864864865,0.714,0.0357,19.22,0.78,Good Value,15.4,27.1,56
109,Bam Adebayo,MIA,C,28.0,37.1,2.4,6.4,2.0,0.0647,1.0864864864864865,1.314,0.0354,22.98,14.12,Poor Value,20.1,32.4,73
110,Devin Booker,PHO,SG,29.0,53.14,2.3,6.5,2.2,0.0433,0.4457142857142857,1.854,0.0349,22.36,30.78,Overpaid,26.1,33.5,64
111,Collin Sexton,CHI,SG,27.0,18.98,1.1,3.9,0.6,0.058,0.4457142857142857,0.654,0.0345,14.84,4.14,Good Value,15.4,23.7,68
112,Onyeka Okongwu,ATL,C,25.0,15.0,1.6,6.0,0.7,0.1067,1.0864864864864865,0.514,0.0343,17.97,-2.97,Good Value,15.2,31.0,74
113,Tobias Harris,DET,PF,33.0,26.63,1.5,5.3,1.4,0.0563,0.61375,0.886,0.0333,17.34,9.29,Poor Value,13.3,27.7,63
114,Michael Porter Jr.,BRK,SF,27.0,38.33,2.1,2.9,3.0,0.0548,0.8842857142857142,1.216,0.0317,21.1,17.23,Overpaid,24.2,32.5,52
115,Devin Vassell,SAS,SG,25.0,27.0,1.3,4.9,0.5,0.0481,0.4457142857142857,0.854,0.0316,16.09,10.91,Poor Value,13.9,30.5,67
116,Alex Caruso,OKC,SG,31.0,18.1,1.0,2.5,1.9,0.0552,0.4457142857142857,0.554,0.0306,14.21,3.89,Good Value,6.2,18.2,56
116,Matisse Thybulle,POR,SG,28.0,11.55,0.8,1.3,4.4,0.0693,0.4457142857142857,0.354,0.0306,12.96,-1.41,Good Value,5.8,16.0,30
118,Sam Merrill,CLE,SG,29.0,8.48,0.7,3.7,0.1,0.0825,0.4457142857142857,0.254,0.03,12.33,-3.85,Good Value,12.8,26.5,52
119,Keldon Johnson,SAS,SF,26.0,17.5,1.4,6.4,0.9,0.08,0.8842857142857142,0.516,0.0295,16.72,0.78,Good Value,13.2,23.3,82
120,Andrew Wiggins,MIA,SF,30.0,28.22,1.7,4.6,1.2,0.0602,0.8842857142857142,0.816,0.0289,18.6,9.62,Poor Value,15.4,30.3,68
121,Santi Aldama,MEM,PF,25.0,18.49,1.1,2.3,1.7,0.0595,0.61375,0.486,0.0263,14.84,3.65,Good Value,14.0,27.9,43
122,Jimmy Butler,GSW,SF,36.0,54.13,2.3,5.7,5.5,0.0425,0.8842857142857142,1.416,0.0262,22.36,31.77,Overpaid,20.0,31.1,38
123,Stephen Curry,GSW,PG,37.0,59.61,2.5,4.1,5.4,0.0419,0.9902777777777777,1.51,0.0253,23.61,36.0,Overpaid,26.6,30.9,43
124,Isaiah Hartenstein,OKC,C,27.0,28.5,1.8,5.3,4.2,0.0632,1.0864864864864865,0.714,0.0251,19.22,9.28,Poor Value,9.2,24.2,47
125,Nikola Vučević,BOS,C,35.0,21.48,1.6,4.4,1.5,0.0745,1.0864864864864865,0.514,0.0239,17.97,3.51,Good Value,15.1,28.4,64
126,Landry Shamet,NYK,SG,28.0,2.3,0.5,2.6,-0.3,0.2174,0.4457142857142857,0.054,0.0235,11.08,-8.78,Good Value,9.3,23.0,51
127,Jabari Smith Jr.,HOU,PF,22.0,12.35,0.9,6.6,-0.7,0.0729,0.61375,0.286,0.0232,13.58,-1.23,Good Value,15.8,35.1,77
128,Jalen Suggs,ORL,PG,24.0,35.0,1.8,2.7,2.5,0.0514,0.9902777777777777,0.81,0.0231,19.22,15.78,Overpaid,13.8,27.6,57
129,Moses Moody,GSW,SG,23.0,11.57,0.7,3.1,-0.1,0.0605,0.4457142857142857,0.254,0.022,12.33,-0.76,Good Value,12.1,25.7,60
130,Brandon Ingram,TOR,SF,28.0,38.1,1.7,4.6,0.5,0.0446,0.8842857142857142,0.816,0.0214,18.6,19.5,Overpaid,21.5,33.8,77
131,Lauri Markkanen,UTA,PF,28.0,46.39,1.6,3.5,2.6,0.0345,0.61375,0.986,0.0213,17.97,28.42,Overpaid,26.7,34.4,42
132,Tyler Herro,MIA,SG,26.0,31.0,1.1,2.4,2.0,0.0355,0.4457142857142857,0.654,0.0211,14.84,16.16,Overpaid,20.5,31.3,33
133,Rudy Gobert,MIN,C,33.0,35.0,1.8,8.7,1.0,0.0514,1.0864864864864865,0.714,0.0204,19.22,15.78,Overpaid,10.9,31.3,76
134,Harrison Barnes,SAS,PF,33.0,19.0,1.0,4.8,-0.1,0.0526,0.61375,0.386,0.0203,14.21,4.79,Good Value,9.9,25.8,77
135,DeMar DeRozan,SAC,PF,36.0,24.57,1.1,5.6,-0.1,0.0448,0.61375,0.486,0.0198,14.84,9.73,Poor Value,18.4,31.2,77
136,Naz Reid,MIN,C,26.0,21.55,1.5,4.0,0.9,0.0696,1.0864864864864865,0.414,0.0192,17.34,4.21,Good Value,13.6,26.1,77
137,Jrue Holiday,POR,PG,35.0,32.4,1.6,3.6,1.9,0.0494,0.9902777777777777,0.61,0.0188,17.97,14.43,Poor Value,16.3,29.4,53
138,Joel Embiid,PHI,C,31.0,55.22,2.1,4.1,4.9,0.038,1.0864864864864865,1.014,0.0184,21.1,34.12,Overpaid,26.9,31.6,38
139,Pascal Siakam,IND,PF,31.0,45.55,1.4,2.6,0.7,0.0307,0.61375,0.786,0.0173,16.72,28.83,Overpaid,24.0,33.2,62
140,Jaden McDaniels,MIN,PF,25.0,24.39,1.0,5.2,-0.3,0.041,0.61375,0.386,0.0158,14.21,10.18,Poor Value,14.8,31.7,73
141,Bobby Portis,MIL,PF,30.0,13.45,0.8,2.8,0.0,0.0595,0.61375,0.186,0.0138,12.96,0.49,Good Value,13.7,24.2,67
142,Goga Bitadze,ORL,C,26.0,8.33,1.2,4.4,2.8,0.1441,1.0864864864864865,0.114,0.0137,15.46,-7.13,Good Value,5.9,15.2,64
143,Dean Wade,CLE,PF,29.0,6.62,0.7,3.1,0.2,0.1057,0.61375,0.086,0.013,12.33,-5.71,Good Value,5.8,22.3,59
144,Aaron Gordon,DEN,PF,30.0,22.84,0.9,3.2,1.7,0.0394,0.61375,0.286,0.0125,13.58,9.26,Poor Value,16.2,27.9,36
145,Nic Claxton,BRK,C,26.0,25.35,1.4,4.8,0.9,0.0552,1.0864864864864865,0.314,0.0124,16.72,8.63,Poor Value,11.7,27.8,69
146,T.J. McConnell,IND,PG,33.0,10.2,1.1,2.6,2.5,0.1078,0.9902777777777777,0.11,0.0108,14.84,-4.64,Good Value,9.4,17.2,56
147,Paul George,PHI,PF,35.0,51.67,1.1,2.5,1.7,0.0213,0.61375,0.486,0.0094,14.84,36.83,Overpaid,17.3,30.7,37
148,Anfernee Simons,CHI,SG,26.0,27.68,0.7,2.9,-0.1,0.0253,0.4457142857142857,0.254,0.0092,12.33,15.35,Overpaid,14.3,24.9,55
149,Jerami Grant,POR,PF,31.0,32.0,0.9,4.0,0.0,0.0281,0.61375,0.286,0.0089,13.58,18.42,Overpaid,18.6,29.7,57
150,Franz Wagner,ORL,SF,24.0,38.66,1.2,2.8,2.5,0.031,0.8842857142857142,0.316,0.0082,15.46,23.2,Overpaid,20.6,30.0,34
151,Grant Williams,CHO,PF,27.0,13.65,0.7,1.9,1.6,0.0513,0.61375,0.086,0.0063,12.33,1.32,Good Value,7.0,19.8,36
152,Jay Huff,IND,C,27.0,2.35,1.1,3.2,0.4,0.4681,1.0864864864864865,0.014,0.006,14.84,-12.49,Elite Value,9.5,21.0,82
153,Jayson Tatum,BOS,PF,27.0,54.13,0.9,1.6,4.8,0.0166,0.61375,0.286,0.0053,13.58,40.55,Overpaid,21.8,32.6,16
154,RJ Barrett,TOR,SF,25.0,27.71,1.0,4.0,0.2,0.0361,0.8842857142857142,0.116,0.0042,14.21,13.5,Poor Value,19.3,30.3,57
155,Caris LeVert,DET,SG,31.0,14.1,0.5,1.6,-0.4,0.0355,0.4457142857142857,0.054,0.0038,11.08,3.02,Good Value,7.4,19.2,60
156,John Collins,LAC,PF,28.0,26.58,0.7,4.6,-0.5,0.0263,0.61375,0.086,0.0032,12.33,14.25,Poor Value,13.6,27.1,69
157,Anthony Davis,DAL,PF,32.0,54.13,0.7,1.3,2.4,0.0129,0.61375,0.086,0.0016,12.33,41.8,Overpaid,20.4,31.3,20
158,CJ McCollum,ATL,PG,34.0,30.67,1.0,3.0,-0.3,0.0326,0.9902777777777777,0.01,0.0003,14.21,16.46,Overpaid,18.7,29.8,76
159,Jakob Poeltl,TOR,C,30.0,19.5,1.0,4.3,1.6,0.0513,1.0864864864864865,-0.086,-0.0044,14.21,5.29,Poor Value,10.7,25.0,46
160,Aaron Wiggins,OKC,SG,27.0,10.1,0.4,2.1,-0.9,0.0396,0.4457142857142857,-0.046,-0.0046,10.45,-0.35,Fair,9.4,21.8,65
161,Zach LaVine,SAC,SG,30.0,47.5,0.2,1.3,-1.5,0.0042,0.4457142857142857,-0.246,-0.0052,9.2,38.3,Overpaid,19.2,31.4,39
162,Karlo Matković,NOP,PF,24.0,1.96,0.6,2.7,0.7,0.3061,0.61375,-0.014,-0.0071,11.71,-9.75,Fair,5.7,14.7,62
163,Jalen Green,PHO,SG,23.0,33.58,0.2,0.3,-1.1,0.006,0.4457142857142857,-0.246,-0.0073,9.2,24.38,Overpaid,17.8,25.9,32
164,Obi Toppin,IND,PF,27.0,14.0,0.5,1.1,3.0,0.0357,0.61375,-0.114,-0.0081,11.08,2.92,Fair,11.6,17.7,24
165,Naji Marshall,DAL,SF,28.0,9.0,0.8,4.3,-0.6,0.0889,0.8842857142857142,-0.084,-0.0093,12.96,-3.96,Fair,15.2,29.5,74
165,Kristaps Porziņģis,GSW,C,30.0,30.73,0.8,2.4,1.9,0.026,1.0864864864864865,-0.286,-0.0093,12.96,17.77,Overpaid,16.7,24.0,32
167,Jusuf Nurkić,UTA,C,31.0,19.38,0.9,1.5,1.1,0.0464,1.0864864864864865,-0.186,-0.0096,13.58,5.8,Poor Value,10.9,26.4,41
168,Darius Garland,LAC,PG,26.0,39.45,0.6,2.6,-0.2,0.0152,0.9902777777777777,-0.39,-0.0099,11.71,27.74,Overpaid,18.8,29.9,45
169,Trae Young,WAS,PG,27.0,46.39,0.5,1.4,2.8,0.0108,0.9902777777777777,-0.49,-0.0106,11.08,35.31,Overpaid,17.9,25.6,15
170,Josh Green,CHO,SG,25.0,13.67,0.3,1.9,-0.7,0.0219,0.4457142857142857,-0.146,-0.0107,9.83,3.84,Fair,4.3,15.7,58
171,Draymond Green,GSW,PF,35.0,25.89,0.3,1.7,-1.4,0.0116,0.61375,-0.314,-0.0121,9.83,16.06,Overpaid,8.4,27.5,68
172,Malik Monk,SAC,SG,27.0,18.8,0.2,1.0,-1.3,0.0106,0.4457142857142857,-0.246,-0.0131,9.2,9.6,Poor Value,12.5,22.0,62
173,Cameron Johnson,DEN,SF,29.0,21.06,0.6,3.7,-0.6,0.0285,0.8842857142857142,-0.284,-0.0135,11.71,9.35,Poor Value,12.2,30.5,54
174,Day'Ron Sharpe,BRK,C,24.0,6.25,1.0,3.5,1.4,0.16,1.0864864864864865,-0.086,-0.0138,14.21,-7.96,Fair,8.7,18.7,62
175,Jaden Ivey,CHI,SG,23.0,10.11,0.3,1.3,0.0,0.0297,0.4457142857142857,-0.146,-0.0144,9.83,0.28,Fair,8.5,18.1,37
175,Deandre Ayton,LAL,C,27.0,33.65,0.6,6.2,-0.9,0.0178,1.0864864864864865,-0.486,-0.0144,11.71,21.94,Overpaid,12.5,27.2,72
177,Alex Sarr,WAS,C,20.0,11.81,0.9,1.6,0.7,0.0762,1.0864864864864865,-0.186,-0.0157,13.58,-1.77,Fair,16.3,27.2,48
178,Kevin Huerter,DET,SF,27.0,17.99,0.6,2.5,-0.6,0.0334,0.8842857142857142,-0.284,-0.0158,11.71,6.28,Poor Value,10.0,22.4,69
179,Kenrich Williams,OKC,PF,31.0,7.16,0.5,2.3,0.2,0.0698,0.61375,-0.114,-0.0159,11.08,-3.92,Fair,6.5,15.3,56
180,Domantas Sabonis,SAC,C,29.0,42.34,0.4,1.1,0.6,0.0094,1.0864864864864865,-0.686,-0.0162,10.45,31.89,Overpaid,15.8,29.7,19
181,Jaren Jackson Jr.,UTA,C,26.0,35.0,0.5,1.4,-0.6,0.0143,1.0864864864864865,-0.586,-0.0167,11.08,23.92,Overpaid,19.4,30.3,48
182,Max Christie,DAL,SG,22.0,7.71,0.3,2.7,-1.5,0.0389,0.4457142857142857,-0.146,-0.0189,9.83,-2.12,Fair,12.3,29.1,77
183,Coby White,CHO,SG,25.0,12.89,0.2,2.0,-1.3,0.0155,0.4457142857142857,-0.246,-0.0191,9.2,3.69,Fair,17.4,25.0,50
184,Daniel Gafford,DAL,C,27.0,14.39,0.8,4.1,0.7,0.0556,1.0864864864864865,-0.286,-0.0199,12.96,1.43,Fair,9.5,21.7,55
185,Matas Buzelis,CHI,PF,21.0,5.46,0.5,2.6,-1.0,0.0916,0.61375,-0.114,-0.0209,11.08,-5.62,Fair,16.3,29.2,77
186,Andrew Nembhard,IND,PG,26.0,18.1,0.6,2.8,-0.8,0.0331,0.9902777777777777,-0.39,-0.0215,11.71,6.39,Poor Value,16.9,31.3,57
187,Simone Fontecchio,MIA,SF,30.0,8.31,0.7,2.6,0.5,0.0842,0.8842857142857142,-0.184,-0.0221,12.33,-4.02,Fair,8.5,16.8,70
188,Dejounte Murray,NOP,PG,29.0,30.8,0.3,0.6,1.4,0.0097,0.9902777777777777,-0.69,-0.0224,9.83,20.97,Overpaid,16.7,27.8,14
189,Ja Morant,MEM,PG,26.0,39.45,0.1,0.3,-1.5,0.0025,0.9902777777777777,-0.89,-0.0226,8.57,30.88,Overpaid,19.5,28.5,20
190,Myles Turner,MIL,C,29.0,25.32,0.5,3.0,-0.9,0.0197,1.0864864864864865,-0.586,-0.0231,11.08,14.24,Poor Value,11.9,26.9,71
191,Pelle Larsson,MIA,SG,24.0,1.96,0.4,4.1,-1.2,0.2041,0.4457142857142857,-0.046,-0.0235,10.45,-8.49,Fair,11.4,26.4,70
192,Jaxson Hayes,LAL,C,25.0,3.45,1.0,5.0,1.2,0.2899,1.0864864864864865,-0.086,-0.0249,14.21,-10.76,Elite Value,7.5,18.3,66
193,Kentavious Caldwell-Pope,MEM,SG,32.0,21.62,-0.1,0.7,-2.5,-0.0046,0.4457142857142857,-0.546,-0.0253,7.32,14.3,Poor Value,8.4,21.3,51
194,Ivica Zubac,IND,C,28.0,18.89,0.6,4.2,-0.3,0.0318,1.0864864864864865,-0.486,-0.0257,11.71,7.18,Poor Value,14.1,30.1,48
194,Isaiah Stewart,DET,C,24.0,15.0,0.7,4.1,0.0,0.0467,1.0864864864864865,-0.386,-0.0257,12.33,2.67,Fair,10.0,22.7,58
196,Jonathan Kuminga,ATL,PF,23.0,23.8,0.0,1.0,-2.0,0.0,0.61375,-0.614,-0.0258,7.95,15.85,Overpaid,12.2,23.1,36
197,Wendell Carter Jr.,ORL,C,26.0,10.85,0.8,6.2,-0.6,0.0737,1.0864864864864865,-0.286,-0.0264,12.96,-2.11,Fair,11.8,29.3,78
198,Buddy Hield,ATL,SG,33.0,9.22,0.2,1.0,-1.0,0.0217,0.4457142857142857,-0.246,-0.0267,9.2,0.02,Fair,7.6,16.1,51
199,Marcus Smart,LAL,SG,31.0,19.92,-0.1,2.0,-2.2,-0.005,0.4457142857142857,-0.546,-0.0274,7.32,12.6,Poor Value,9.3,28.5,62
200,Quentin Grimes,PHI,SG,25.0,8.74,0.2,3.6,-1.6,0.0229,0.4457142857142857,-0.246,-0.0281,9.2,-0.46,Fair,13.4,29.4,75
201,Shaedon Sharpe,POR,SG,22.0,8.4,0.2,1.3,-1.4,0.0238,0.4457142857142857,-0.246,-0.0293,9.2,-0.8,Fair,20.8,29.4,50
201,P.J. Washington,DAL,PF,27.0,14.15,0.2,1.7,-1.6,0.0141,0.61375,-0.414,-0.0293,9.2,4.95,Fair,14.2,31.0,56
203,Christian Braun,DEN,SG,24.0,4.92,0.3,3.0,-1.2,0.061,0.4457142857142857,-0.146,-0.0297,9.83,-4.91,Fair,12.0,31.8,44
204,Kyle Kuzma,MIL,PF,30.0,22.41,-0.1,1.9,-2.3,-0.0045,0.61375,-0.714,-0.0319,7.32,15.09,Overpaid,13.0,26.2,69
205,Al Horford,GSW,C,39.0,5.68,0.9,2.1,1.6,0.1585,1.0864864864864865,-0.186,-0.0327,13.58,-7.9,Fair,8.3,21.5,45
206,Davion Mitchell,MIA,PG,27.0,11.6,0.6,4.3,-0.9,0.0517,0.9902777777777777,-0.39,-0.0336,11.71,-0.11,Fair,9.3,28.6,70
207,Bogdan Bogdanović,LAC,SG,33.0,16.02,-0.1,0.2,-3.1,-0.0062,0.4457142857142857,-0.546,-0.0341,7.32,8.7,Poor Value,7.4,19.7,23
208,Jonathan Isaac,ORL,PF,28.0,15.0,0.1,0.9,-1.6,0.0067,0.61375,-0.514,-0.0343,8.57,6.43,Poor Value,2.6,10.0,52
209,Jake LaRavia,LAL,PF,24.0,6.0,0.4,3.8,-1.2,0.0667,0.61375,-0.214,-0.0357,10.45,-4.45,Fair,8.2,25.1,82
210,Anthony Black,ORL,PG,22.0,7.97,0.7,2.6,-0.6,0.0878,0.9902777777777777,-0.29,-0.0364,12.33,-4.36,Fair,15.0,29.8,64
211,Derrick Jones Jr.,LAC,SF,28.0,10.0,0.5,2.8,-0.7,0.05,0.8842857142857142,-0.384,-0.0384,11.08,-1.08,Fair,10.1,27.0,50
212,Rui Hachimura,LAL,PF,27.0,18.26,-0.1,3.2,-2.2,-0.0055,0.61375,-0.714,-0.0391,7.32,10.94,Poor Value,11.5,28.3,68
213,Brandon Williams,DAL,PG,26.0,2.27,0.9,2.5,0.4,0.3965,0.9902777777777777,-0.09,-0.0396,13.58,-11.31,Elite Value,13.0,22.2,66
214,Klay Thompson,DAL,SF,35.0,16.67,0.2,0.5,-1.4,0.012,0.8842857142857142,-0.684,-0.041,9.2,7.47,Poor Value,11.7,21.7,69
215,Kyle Anderson,MIN,SF,32.0,9.22,0.5,1.9,0.4,0.0542,0.8842857142857142,-0.384,-0.0416,11.08,-1.86,Fair,6.2,19.8,43
216,Jordan Poole,NOP,PG,26.0,31.85,-0.4,0.2,-3.5,-0.0126,0.9902777777777777,-1.39,-0.0436,5.44,26.41,Overpaid,13.4,23.9,39
217,Jarred Vanderbilt,LAL,PF,26.0,11.57,0.1,1.8,-1.5,0.0086,0.61375,-0.514,-0.0444,8.57,3.0,Fair,4.4,17.4,65
218,Dillon Brooks,PHO,SF,30.0,21.12,-0.1,2.1,-2.3,-0.0047,0.8842857142857142,-0.984,-0.0466,7.32,13.8,Poor Value,20.2,30.4,56
219,Tristan Da Silva,ORL,SF,24.0,3.81,0.7,3.3,-0.6,0.1837,0.8842857142857142,-0.184,-0.0483,12.33,-8.52,Fair,9.9,24.7,77
220,Luguentz Dort,OKC,SF,26.0,18.22,0.0,3.0,-2.0,0.0,0.8842857142857142,-0.884,-0.0485,7.95,10.27,Poor Value,8.3,26.8,69
221,Max Strus,CLE,SF,29.0,15.94,0.1,0.7,-1.2,0.0063,0.8842857142857142,-0.784,-0.0492,8.57,7.37,Poor Value,11.2,24.0,12
222,Gui Santos,GSW,PF,23.0,2.22,0.5,2.7,-0.6,0.2252,0.61375,-0.114,-0.0514,11.08,-8.86,Fair,9.2,20.5,68
223,Tidjane Salaün,CHO,PF,20.0,7.86,0.2,1.4,-0.8,0.0254,0.61375,-0.414,-0.0527,9.2,-1.34,Fair,6.0,15.5,37
224,Khris Middleton,DAL,SF,34.0,33.3,-0.9,0.3,-4.4,-0.027,0.8842857142857142,-1.784,-0.0536,2.31,30.99,Overpaid,10.2,22.8,63
225,Zach Collins,CHI,C,28.0,18.08,0.1,0.5,0.2,0.0055,1.0864864864864865,-0.986,-0.0545,8.57,9.51,Poor Value,9.7,18.4,10
226,Steven Adams,HOU,C,32.0,14.13,0.3,2.1,-0.5,0.0212,1.0864864864864865,-0.786,-0.0556,9.83,4.3,Fair,5.8,22.8,32
227,Nicolas Batum,LAC,PF,37.0,5.6,0.3,1.8,-1.0,0.0536,0.61375,-0.314,-0.0561,9.83,-4.23,Fair,4.0,17.5,74
228,Dominick Barlow,PHI,PF,22.0,3.42,0.4,3.9,-1.1,0.117,0.61375,-0.214,-0.0626,10.45,-7.03,Fair,7.7,23.8,71
229,Corey Kispert,ATL,SF,26.0,13.98,0.0,1.8,-1.9,0.0,0.8842857142857142,-0.884,-0.0632,7.95,6.03,Fringe,9.2,18.6,58
230,Josh Okogie,HOU,SG,27.0,2.3,0.3,2.7,-1.2,0.1304,0.4457142857142857,-0.146,-0.0635,9.83,-7.53,Fair,4.5,17.4,78
231,De'Andre Hunter,SAC,SF,28.0,23.3,-0.6,1.1,-3.9,-0.0258,0.8842857142857142,-1.484,-0.0637,4.19,19.11,Overpaid,13.7,26.1,45
232,Jordan Clarkson,NYK,SG,33.0,12.95,-0.4,1.9,-3.3,-0.0309,0.4457142857142857,-0.846,-0.0653,5.44,7.51,Fringe,8.6,17.8,72
232,Jeremy Sochan,NYK,PF,22.0,7.87,0.1,1.2,-1.2,0.0127,0.61375,-0.514,-0.0653,8.57,-0.7,Fair,3.6,10.7,44
234,Jonas Valančiūnas,DEN,C,33.0,10.4,0.4,2.9,0.0,0.0385,1.0864864864864865,-0.686,-0.066,10.45,-0.05,Fair,8.7,13.4,65
235,Brook Lopez,LAC,C,37.0,8.75,0.5,2.3,-0.9,0.0571,1.0864864864864865,-0.586,-0.067,11.08,-2.33,Fair,8.5,21.8,75
236,Terance Mann,BRK,SG,29.0,15.5,-0.6,1.8,-3.4,-0.0387,0.4457142857142857,-1.046,-0.0675,4.19,11.31,Poor Value,7.2,24.3,63
237,Mike Conley,MIN,PG,38.0,11.5,0.2,1.9,-1.3,0.0174,0.9902777777777777,-0.79,-0.0687,9.2,2.3,Fair,4.5,18.4,54
238,Kris Dunn,LAC,PG,31.0,5.43,0.6,4.0,-0.8,0.1105,0.9902777777777777,-0.39,-0.0718,11.71,-6.28,Fair,7.3,27.2,82
239,Clint Capela,HOU,C,31.0,6.7,0.6,3.0,0.4,0.0896,1.0864864864864865,-0.486,-0.0725,11.71,-5.01,Fair,3.8,12.3,75
240,Tari Eason,HOU,PF,24.0,5.68,0.2,2.9,-1.6,0.0352,0.61375,-0.414,-0.0729,9.2,-3.52,Fair,10.5,25.8,60
241,Keegan Murray,SAC,PF,25.0,11.14,-0.2,0.2,-3.1,-0.018,0.61375,-0.814,-0.0731,6.69,4.45,Fringe,14.0,34.5,23
242,Maxi Kleber,LAL,PF,34.0,11.0,-0.2,0.6,-3.9,-0.0182,0.61375,-0.814,-0.074,6.69,4.31,Fringe,2.0,10.7,43
243,Bilal Coulibaly,WAS,SG,21.0,7.28,-0.1,1.0,-2.1,-0.0137,0.4457142857142857,-0.546,-0.075,7.32,-0.04,Fringe,11.7,26.2,56
244,Kevin Love,UTA,PF,37.0,4.15,0.3,1.1,0.2,0.0723,0.61375,-0.314,-0.0757,9.83,-5.68,Fair,6.7,16.6,37
245,Jalen Smith,CHI,C,25.0,9.0,0.4,2.6,-0.7,0.0444,1.0864864864864865,-0.686,-0.0762,10.45,-1.45,Fair,10.2,20.7,53
246,Dennis Schröder,CLE,PG,32.0,14.1,-0.1,1.5,-2.2,-0.0071,0.9902777777777777,-1.09,-0.0773,7.32,6.78,Fringe,10.8,24.2,70
247,Lonzo Ball,CLE,PG,28.0,10.0,0.2,0.6,-1.1,0.02,0.9902777777777777,-0.79,-0.079,9.2,0.8,Fair,4.6,20.8,35
248,Dorian Finney-Smith,HOU,PF,32.0,12.7,-0.4,0.5,-4.3,-0.0315,0.61375,-1.014,-0.0798,5.44,7.26,Fringe,3.3,16.8,37
249,Russell Westbrook,SAC,SF,37.0,2.3,0.7,0.4,-0.4,0.3043,0.8842857142857142,-0.184,-0.08,12.33,-10.03,Elite Value,15.2,29.0,64
250,Kelly Oubre Jr.,PHI,SF,30.0,8.38,0.2,2.7,-1.4,0.0239,0.8842857142857142,-0.684,-0.0816,9.2,-0.82,Fair,14.1,31.5,50
251,Zaccharie Risacher,ATL,SF,20.0,13.2,-0.2,2.3,-2.5,-0.0152,0.8842857142857142,-1.084,-0.0821,6.69,6.51,Fringe,9.6,22.4,67
252,Dalen Terry,PHI,SG,23.0,5.4,0.0,0.7,-1.7,0.0,0.4457142857142857,-0.446,-0.0826,7.95,-2.55,Fringe,3.7,11.5,48
253,Patrick Williams,CHI,PF,24.0,18.0,-0.9,-0.1,-4.5,-0.05,0.61375,-1.514,-0.0841,2.31,15.69,Overpaid,7.0,20.5,72
254,Scoot Henderson,POR,PG,21.0,10.75,0.0,1.0,-2.2,0.0,0.9902777777777777,-0.99,-0.0921,7.95,2.8,Fringe,14.2,24.9,30
255,Caleb Martin,DAL,SF,30.0,9.59,0.0,0.9,-2.2,0.0,0.8842857142857142,-0.884,-0.0922,7.95,1.64,Fringe,3.9,14.8,58
256,Derik Queen,NOP,C,21.0,5.16,0.6,2.7,-0.8,0.1163,1.0864864864864865,-0.486,-0.0942,11.71,-6.55,Fair,11.7,25.0,81
257,Blake Wesley,POR,SG,22.0,5.64,-0.1,0.3,-3.6,-0.0177,0.4457142857142857,-0.546,-0.0968,7.32,-1.68,Fringe,4.8,11.6,31
258,Herbert Jones,NOP,SF,27.0,13.94,-0.5,0.7,-3.1,-0.0359,0.8842857142857142,-1.384,-0.0993,4.81,9.13,Fringe,8.9,28.4,56
259,Ron Holland,DET,SF,20.0,8.66,0.0,2.8,-2.0,0.0,0.8842857142857142,-0.884,-0.1021,7.95,0.71,Fringe,8.2,19.9,78
260,Jevon Carter,ORL,PG,30.0,7.68,0.2,0.9,-1.1,0.026,0.9902777777777777,-0.79,-0.1029,9.2,-1.52,Fair,6.4,16.4,53
261,Vince Williams Jr.,UTA,SG,25.0,2.3,0.2,0.1,-1.0,0.087,0.4457142857142857,-0.246,-0.107,9.2,-6.9,Fair,7.5,20.5,40
262,Zeke Nnaji,DEN,PF,25.0,8.18,-0.3,0.9,-3.5,-0.0367,0.61375,-0.914,-0.1117,6.07,2.11,Fringe,3.7,12.0,52
263,Isaac Okoro,CHI,SG,25.0,11.0,-0.8,2.2,-3.8,-0.0727,0.4457142857142857,-1.246,-0.1133,2.93,8.07,Fringe,9.3,26.9,63
264,Olivier-Maxence Prosper,MEM,PF,23.0,1.0,0.5,2.4,-0.1,0.5,0.61375,-0.114,-0.114,11.08,-10.08,Elite Value,10.0,18.6,53
265,Taylor Hendricks,MEM,PF,22.0,6.13,-0.1,1.1,-2.4,-0.0163,0.61375,-0.714,-0.1165,7.32,-1.19,Fringe,7.4,18.9,59
266,Isaiah Jackson,LAC,C,24.0,7.6,0.2,2.6,-1.2,0.0263,1.0864864864864865,-0.886,-0.1166,9.2,-1.6,Fair,6.7,16.5,55
267,Bennedict Mathurin,LAC,SF,23.0,9.19,-0.2,2.1,-2.5,-0.0218,0.8842857142857142,-1.084,-0.118,6.69,2.5,Fringe,17.6,30.0,54
268,Jordan Miller,LAC,SF,26.0,0.71,0.8,3.5,0.2,1.1268,0.8842857142857142,-0.084,-0.1183,12.96,-12.25,Elite Value,10.0,22.1,60
269,Justin Champagnie,WAS,SF,24.0,2.35,0.6,3.1,-0.4,0.2553,0.8842857142857142,-0.284,-0.1209,11.71,-9.36,Fair,8.7,20.0,69
270,Jarace Walker,IND,PF,22.0,6.67,-0.2,0.5,-2.4,-0.03,0.61375,-0.814,-0.122,6.69,-0.02,Fringe,11.6,25.7,76
271,Ziaire Williams,BRK,SF,24.0,6.25,0.1,1.6,-1.7,0.016,0.8842857142857142,-0.784,-0.1254,8.57,-2.32,Fair,10.2,22.9,56
272,Aaron Nesmith,IND,SF,26.0,11.0,-0.5,0.7,-3.4,-0.0455,0.8842857142857142,-1.384,-0.1258,4.81,6.19,Fringe,13.8,29.7,45
273,Daniss Jenkins,DET,PG,24.0,3.81,0.5,2.9,-0.7,0.1312,0.9902777777777777,-0.49,-0.1286,11.08,-7.27,Fair,9.3,20.2,72
274,Egor Dёmin,BRK,PG,19.0,6.89,0.1,0.9,-1.6,0.0145,0.9902777777777777,-0.89,-0.1292,8.57,-1.68,Fair,10.3,25.2,52
275,Jared McCain,OKC,SG,21.0,4.22,-0.1,1.5,-2.4,-0.0237,0.4457142857142857,-0.546,-0.1294,7.32,-3.1,Fringe,8.3,17.3,67
276,Gabe Vincent,ATL,PG,29.0,11.5,-0.5,0.6,-4.3,-0.0435,0.9902777777777777,-1.49,-0.1296,4.81,6.69,Fringe,4.4,16.6,53
277,Peyton Watson,DEN,SF,23.0,4.36,0.3,2.6,-1.2,0.0688,0.8842857142857142,-0.584,-0.1339,9.83,-5.47,Fair,14.6,29.6,54
278,Kevon Looney,NOP,C,29.0,8.0,0.0,0.7,-1.8,0.0,1.0864864864864865,-1.086,-0.1358,7.95,0.05,Fringe,2.8,14.7,21
279,Andre Drummond,PHI,C,32.0,5.0,0.4,3.4,-0.6,0.08,1.0864864864864865,-0.686,-0.1372,10.45,-5.45,Fair,6.4,19.5,63
280,Zach Edey,MEM,C,23.0,6.04,0.2,0.8,0.5,0.0331,1.0864864864864865,-0.886,-0.1467,9.2,-3.16,Fair,13.6,25.8,11
281,Ochai Agbaji,BRK,SG,25.0,6.38,-0.5,0.9,-4.0,-0.0784,0.4457142857142857,-0.946,-0.1483,4.81,1.57,Fringe,5.1,15.7,62
282,Gary Harris,MIL,SG,31.0,3.63,-0.1,0.7,-2.5,-0.0275,0.4457142857142857,-0.546,-0.1504,7.32,-3.69,Fringe,2.7,13.8,48
283,Jose Alvarado,NYK,PG,27.0,4.5,0.3,2.2,-1.0,0.0667,0.9902777777777777,-0.69,-0.1533,9.83,-5.33,Fair,7.4,19.9,69
284,Tyus Jones,DEN,PG,29.0,7.0,-0.1,1.0,-2.4,-0.0143,0.9902777777777777,-1.09,-0.1557,7.32,-0.32,Fringe,3.0,14.6,67
285,Asa Newell,ATL,PF,20.0,3.24,0.1,1.2,-1.5,0.0309,0.61375,-0.514,-0.1586,8.57,-5.33,Fair,5.2,11.4,44
286,Jett Howard,ORL,SF,22.0,5.53,0.0,1.3,-1.8,0.0,0.8842857142857142,-0.884,-0.1599,7.95,-2.42,Fringe,5.5,12.6,55
287,Quinten Post,GSW,PF,25.0,1.96,0.3,1.9,-1.1,0.1531,0.61375,-0.314,-0.1602,9.83,-7.87,Fair,7.7,17.3,67
288,Kasparas Jakučionis,MIA,PG,19.0,3.66,0.4,2.3,-0.4,0.1093,0.9902777777777777,-0.59,-0.1612,10.45,-6.79,Fair,6.2,17.8,53
289,Carter Bryant,SAS,PF,20.0,4.9,-0.2,1.3,-3.0,-0.0408,0.61375,-0.814,-0.1661,6.69,-1.79,Fringe,4.2,11.5,71
290,Cam Thomas,MIL,SG,24.0,6.84,-0.7,-0.4,-5.2,-0.1023,0.4457142857142857,-1.146,-0.1675,3.56,3.28,Fringe,13.5,21.0,42
291,Jock Landale,ATL,C,30.0,2.3,0.7,3.8,-0.1,0.3043,1.0864864864864865,-0.386,-0.1678,12.33,-10.03,Elite Value,10.6,22.1,68
292,Gradey Dick,TOR,SG,22.0,4.99,-0.4,1.4,-3.6,-0.0802,0.4457142857142857,-0.846,-0.1695,5.44,-0.45,Fringe,6.0,14.0,76
293,Jaden Hardy,WAS,SG,23.0,6.0,-0.6,-0.2,-4.8,-0.1,0.4457142857142857,-1.046,-0.1743,4.19,1.81,Fringe,9.2,15.8,57
293,D'Angelo Russell,DAL,PG,29.0,5.68,0.0,0.0,-2.3,0.0,0.9902777777777777,-0.99,-0.1743,7.95,-2.27,Fringe,10.2,19.0,26
295,Ryan Dunn,PHO,SF,23.0,2.66,0.4,2.6,-0.9,0.1504,0.8842857142857142,-0.484,-0.182,10.45,-7.79,Fair,5.8,19.4,70
296,Jase Richardson,ORL,SG,20.0,2.98,-0.1,1.0,-2.5,-0.0336,0.4457142857142857,-0.546,-0.1832,7.32,-4.34,Fringe,4.4,10.9,54
297,Jeremiah Fears,NOP,PG,19.0,7.52,-0.4,0.6,-2.7,-0.0532,0.9902777777777777,-1.39,-0.1848,5.44,2.08,Fringe,14.3,25.8,82
298,Tre Mann,CHO,PG,24.0,8.0,-0.5,0.0,-5.3,-0.0625,0.9902777777777777,-1.49,-0.1862,4.81,3.19,Fringe,5.5,12.6,53
299,Mouhamed Gueye,ATL,PF,23.0,2.22,0.2,2.7,-1.3,0.0901,0.61375,-0.414,-0.1865,9.2,-6.98,Fair,4.4,15.3,77
299,GG Jackson II,MEM,PF,21.0,2.22,0.2,1.3,-1.2,0.0901,0.61375,-0.414,-0.1865,9.2,-6.98,Fair,12.5,21.4,55
301,Tre Johnson,WAS,SG,19.0,8.24,-1.1,-0.7,-5.0,-0.1335,0.4457142857142857,-1.546,-0.1876,1.1,7.14,Fringe,12.2,24.1,60
302,Sion James,CHO,SG,23.0,2.3,0.0,3.1,-2.0,0.0,0.4457142857142857,-0.446,-0.1939,7.95,-5.65,Fringe,5.4,22.5,82
303,Seth Curry,GSW,SG,35.0,1.76,0.1,0.4,0.2,0.0568,0.4457142857142857,-0.346,-0.1966,8.57,-6.81,Fair,7.1,13.3,10
303,Kyshawn George,WAS,SF,22.0,2.97,0.3,0.6,-1.2,0.101,0.8842857142857142,-0.584,-0.1966,9.83,-6.86,Fair,14.8,29.0,48
305,Julian Strawther,DEN,SG,23.0,2.67,-0.1,1.3,-2.3,-0.0375,0.4457142857142857,-0.546,-0.2045,7.32,-4.65,Fringe,7.2,15.1,57
306,Nikola Jović,MIA,PF,22.0,4.45,-0.3,0.0,-3.5,-0.0674,0.61375,-0.914,-0.2054,6.07,-1.62,Fringe,7.3,17.2,47
307,Svi Mykhailiuk,UTA,SF,28.0,3.68,0.1,1.1,-1.7,0.0272,0.8842857142857142,-0.784,-0.213,8.57,-4.89,Fair,9.4,23.1,50
308,Guerschon Yabusele,CHI,C,30.0,5.5,-0.1,1.4,-2.2,-0.0182,1.0864864864864865,-1.186,-0.2156,7.32,-1.82,Fringe,5.6,15.0,67
309,Moritz Wagner,ORL,C,28.0,5.0,0.0,0.9,-2.2,0.0,1.0864864864864865,-1.086,-0.2172,7.95,-2.95,Fringe,6.9,11.9,36
310,Kris Murray,POR,SF,25.0,3.13,0.2,2.2,-1.5,0.0639,0.8842857142857142,-0.684,-0.2185,9.2,-6.07,Fair,5.8,23.4,57
311,Devin Carter,SAC,PG,23.0,4.92,-0.1,0.2,-2.6,-0.0203,0.9902777777777777,-1.09,-0.2215,7.32,-2.4,Fringe,8.9,18.4,38
312,Kyle Filipowski,UTA,C,22.0,3.0,0.4,3.1,-1.1,0.1333,1.0864864864864865,-0.686,-0.2287,10.45,-7.45,Fair,11.4,23.4,77
313,Ace Bailey,UTA,SF,19.0,9.07,-1.2,-0.1,-4.4,-0.1323,0.8842857142857142,-2.084,-0.2298,1.1,7.97,Fringe,13.8,27.6,72
314,Cole Anthony,MIL,PG,25.0,6.0,-0.4,-0.5,-4.7,-0.0667,0.9902777777777777,-1.39,-0.2317,5.44,0.56,Fringe,6.7,15.1,35
315,Amir Coffey,PHO,SG,28.0,2.3,-0.1,0.8,-3.1,-0.0435,0.4457142857142857,-0.546,-0.2374,7.32,-5.02,Fringe,3.2,10.7,46
316,Ousmane Dieng,MIL,C,22.0,6.67,-0.5,0.3,-3.8,-0.075,1.0864864864864865,-1.586,-0.2378,4.81,1.86,Fringe,7.6,19.3,57
317,Jordan Hawkins,NOP,SG,23.0,4.74,-0.7,-0.4,-6.2,-0.1477,0.4457142857142857,-1.146,-0.2418,3.56,1.18,Fringe,5.1,13.6,51
318,Terrence Shannon Jr.,MIN,SG,25.0,2.67,-0.2,1.0,-3.6,-0.0749,0.4457142857142857,-0.646,-0.2419,6.69,-4.02,Fringe,5.6,12.5,43
319,Jalen Pickett,DEN,SG,26.0,2.22,-0.1,1.0,-2.3,-0.045,0.4457142857142857,-0.546,-0.2459,7.32,-5.1,Fringe,5.2,16.1,50
320,Dwight Powell,DAL,C,34.0,4.0,0.1,2.6,-1.4,0.025,1.0864864864864865,-0.986,-0.2465,8.57,-4.57,Fair,3.3,14.3,63
321,Nikola Topić,OKC,PG,20.0,5.18,-0.3,0.0,-8.4,-0.0579,0.9902777777777777,-1.29,-0.249,6.07,-0.89,Fringe,5.2,16.0,10
322,Jaylen Clark,MIN,SG,24.0,2.19,-0.1,1.7,-2.4,-0.0457,0.4457142857142857,-0.546,-0.2493,7.32,-5.13,Fringe,4.0,13.1,68
323,Trendon Watford,PHI,PF,25.0,2.46,0.0,1.4,-1.9,0.0,0.61375,-0.614,-0.2496,7.95,-5.49,Fringe,6.5,16.3,53
324,Dalton Knecht,LAL,SF,24.0,4.01,-0.2,0.4,-3.6,-0.0499,0.8842857142857142,-1.084,-0.2703,6.69,-2.68,Fringe,4.2,10.2,54
325,Will Richard,GSW,SG,23.0,1.27,0.1,2.5,-1.7,0.0787,0.4457142857142857,-0.346,-0.2724,8.57,-7.3,Fair,6.4,20.0,69
326,Nick Smith Jr.,LAL,SG,21.0,2.71,-0.3,0.1,-4.7,-0.1107,0.4457142857142857,-0.746,-0.2753,6.07,-3.36,Fringe,6.2,12.5,30
327,Cam Whitmore,WAS,SF,21.0,3.54,-0.1,0.0,-3.3,-0.0282,0.8842857142857142,-0.984,-0.278,7.32,-3.78,Fringe,9.2,16.9,21
328,Bruce Brown,DEN,SG,29.0,2.3,-0.2,2.9,-2.4,-0.087,0.4457142857142857,-0.646,-0.2809,6.69,-4.39,Fringe,7.9,24.4,82
329,Hugo González,BOS,SF,19.0,2.78,0.1,2.2,-1.5,0.036,0.8842857142857142,-0.784,-0.282,8.57,-5.79,Fair,3.9,14.6,74
330,Liam McNeeley,CHO,SF,20.0,2.76,0.1,0.9,-1.3,0.0362,0.8842857142857142,-0.784,-0.2841,8.57,-5.81,Fair,4.3,11.9,31
331,Danny Wolf,BRK,PF,21.0,2.8,-0.2,0.8,-2.5,-0.0714,0.61375,-0.814,-0.2907,6.69,-3.89,Fringe,8.9,20.8,57
332,Yves Missi,NOP,C,21.0,3.35,0.1,2.7,-1.7,0.0299,1.0864864864864865,-0.986,-0.2943,8.57,-5.22,Fair,5.7,19.7,66
333,Thomas Bryant,CLE,C,28.0,2.3,0.4,2.3,0.1,0.1739,1.0864864864864865,-0.686,-0.2983,10.45,-8.15,Fair,6.2,12.2,60
334,Ben Sheppard,IND,SG,24.0,2.79,-0.4,1.4,-3.0,-0.1434,0.4457142857142857,-0.846,-0.3032,5.44,-2.65,Fringe,7.1,21.4,65
335,Kobe Brown,IND,PF,26.0,2.65,-0.2,1.3,-2.7,-0.0755,0.61375,-0.814,-0.3072,6.69,-4.04,Fringe,5.8,15.8,61
336,Tyler Kolek,NYK,PG,24.0,2.19,0.3,1.4,-0.6,0.137,0.9902777777777777,-0.69,-0.3151,9.83,-7.64,Fair,4.4,11.7,62
337,Micah Potter,IND,C,27.0,1.53,0.6,2.6,0.7,0.3922,1.0864864864864865,-0.486,-0.3176,11.71,-10.18,Elite Value,9.7,19.3,47
338,Taurean Prince,MIL,SF,31.0,3.3,-0.2,0.5,-3.1,-0.0606,0.8842857142857142,-1.084,-0.3285,6.69,-3.39,Fringe,9.2,23.5,26
339,Justin Edwards,PHI,SF,22.0,2.05,0.2,1.7,-1.3,0.0976,0.8842857142857142,-0.684,-0.3337,9.2,-7.15,Fair,6.0,15.3,64
340,Cody Williams,UTA,SG,21.0,5.74,-1.5,0.1,-5.5,-0.2613,0.4457142857142857,-1.946,-0.339,1.1,4.64,Fringe,8.8,24.3,67
341,Tyrese Martin,PHI,SG,26.0,2.19,-0.3,0.1,-3.4,-0.137,0.4457142857142857,-0.746,-0.3406,6.07,-3.88,Fringe,6.3,16.9,46
342,Marcus Sasser,DET,PG,25.0,2.89,0.0,0.8,-1.7,0.0,0.9902777777777777,-0.99,-0.3426,7.95,-5.06,Fringe,5.2,12.0,38
343,Rob Dillingham,CHI,PG,21.0,6.58,-1.3,-1.1,-7.3,-0.1976,0.9902777777777777,-2.29,-0.348,1.1,5.48,Fringe,6.3,14.9,65
344,Leonard Miller,CHI,SF,22.0,2.22,0.1,1.6,-1.3,0.045,0.8842857142857142,-0.784,-0.3532,8.57,-6.35,Fair,7.8,15.6,46
345,Anthony Gill,WAS,PF,33.0,2.3,-0.2,1.7,-2.6,-0.087,0.61375,-0.814,-0.3539,6.69,-4.39,Fringe,5.8,17.3,55
345,De'Anthony Melton,GSW,PG,27.0,3.08,-0.1,0.7,-2.5,-0.0325,0.9902777777777777,-1.09,-0.3539,7.32,-4.24,Fringe,12.3,23.0,49
345,Larry Nance Jr.,CLE,PF,33.0,2.3,-0.2,0.6,-3.4,-0.087,0.61375,-0.814,-0.3539,6.69,-4.39,Fringe,3.7,12.8,35
348,Noah Clowney,BRK,PF,21.0,3.4,-0.6,1.1,-3.4,-0.1765,0.61375,-1.214,-0.3571,4.19,-0.79,Fringe,12.3,27.0,66
349,Nick Richards,CHI,C,28.0,5.0,-0.7,0.6,-6.1,-0.14,1.0864864864864865,-1.786,-0.3572,3.56,1.44,Fringe,5.8,14.6,48
350,Tyler Smith,DAL,PF,21.0,1.96,-0.1,0.1,-4.8,-0.051,0.61375,-0.714,-0.3643,7.32,-5.36,Fringe,4.7,13.8,12
351,Vít Krejčí,POR,PG,25.0,2.35,0.1,2.9,-1.6,0.0426,0.9902777777777777,-0.89,-0.3787,8.57,-6.22,Fair,8.5,21.4,65
352,Johnny Furphy,IND,SG,21.0,1.96,-0.3,0.5,-3.7,-0.1531,0.4457142857142857,-0.746,-0.3806,6.07,-4.11,Fringe,5.1,18.4,35
353,Yanic Konan Niederhäuser,LAC,C,22.0,2.74,0.0,1.3,-2.2,0.0,1.0864864864864865,-1.086,-0.3964,7.95,-5.21,Fringe,4.3,10.3,41
354,Precious Achiuwa,SAC,C,26.0,2.11,0.2,2.9,-1.6,0.0948,1.0864864864864865,-0.886,-0.4199,9.2,-7.09,Fair,10.1,23.9,73
355,Tony Bradley,ATL,C,28.0,3.2,-0.3,0.9,-4.2,-0.0937,1.0864864864864865,-1.386,-0.4331,6.07,-2.87,Fringe,4.0,11.0,41
356,DeAndre Jordan,NOP,C,37.0,2.27,0.1,0.6,-0.2,0.0441,1.0864864864864865,-0.986,-0.4344,8.57,-6.3,Fair,4.4,16.6,12
357,Scotty Pippen Jr.,MEM,PG,25.0,2.27,0.0,0.1,-2.8,0.0,0.9902777777777777,-0.99,-0.4361,7.95,-5.68,Fringe,11.4,21.2,10
358,Brice Sensabaugh,UTA,SF,22.0,2.69,-0.3,1.1,-2.6,-0.1115,0.8842857142857142,-1.184,-0.4401,6.07,-3.38,Fringe,14.9,23.5,75
359,Gary Trent Jr.,MIL,SG,27.0,3.7,-1.2,-0.1,-5.4,-0.3243,0.4457142857142857,-1.646,-0.4449,1.1,2.6,Fringe,8.1,21.2,65
360,Walter Clayton,MEM,PG,22.0,3.99,-0.8,0.3,-4.3,-0.2005,0.9902777777777777,-1.79,-0.4486,2.93,1.06,Fringe,7.8,20.4,69
361,Isaiah Collier,UTA,PG,21.0,2.64,-0.2,1.7,-2.4,-0.0758,0.9902777777777777,-1.19,-0.4508,6.69,-4.05,Fringe,11.7,25.7,59
362,Aaron Holiday,HOU,PG,29.0,2.3,-0.1,1.4,-2.4,-0.0435,0.9902777777777777,-1.09,-0.4739,7.32,-5.02,Fringe,5.5,13.7,57
362,Keaton Wallace,ATL,PG,26.0,2.3,-0.1,0.7,-2.7,-0.0435,0.9902777777777777,-1.09,-0.4739,7.32,-5.02,Fringe,3.5,10.1,53
362,Chris Paul,LAC,PG,40.0,2.3,-0.1,0.1,-4.2,-0.0435,0.9902777777777777,-1.09,-0.4739,7.32,-5.02,Fringe,2.9,14.3,16
365,Jaylen Wells,MEM,SG,22.0,1.96,-0.5,1.6,-3.1,-0.2551,0.4457142857142857,-0.946,-0.4827,4.81,-2.85,Fringe,12.5,26.4,69
366,Doug McDermott,SAC,SF,34.0,2.3,-0.3,0.2,-4.4,-0.1304,0.8842857142857142,-1.184,-0.5148,6.07,-3.77,Fringe,5.7,15.1,29
367,Drake Powell,BRK,SG,20.0,3.37,-1.3,-0.1,-6.0,-0.3858,0.4457142857142857,-1.746,-0.5181,1.1,2.27,Fringe,6.5,21.0,63
368,Rayan Rupert,MEM,SG,21.0,2.35,-0.8,0.6,-5.1,-0.3404,0.4457142857142857,-1.246,-0.5302,2.93,-0.58,Fringe,5.2,16.8,64
369,Will Riley,WAS,SF,19.0,3.51,-1.0,0.4,-4.5,-0.2849,0.8842857142857142,-1.884,-0.5368,1.68,1.83,Fringe,10.3,22.1,74
370,A.J. Green,MIL,SG,26.0,2.3,-0.8,2.4,-3.3,-0.3478,0.4457142857142857,-1.246,-0.5417,2.93,-0.63,Fringe,10.4,29.1,78
371,Bub Carrington,WAS,PG,20.0,4.68,-1.6,-0.4,-4.7,-0.3419,0.9902777777777777,-2.59,-0.5534,1.1,3.58,Fringe,10.7,27.7,82
372,Jamal Shead,TOR,PG,23.0,1.96,-0.1,2.7,-2.3,-0.051,0.9902777777777777,-1.09,-0.5561,7.32,-5.36,Fringe,6.6,22.6,82
373,Drew Eubanks,SAC,C,28.0,2.3,-0.2,0.6,-3.7,-0.087,1.0864864864864865,-1.286,-0.5591,6.69,-4.39,Fringe,5.2,13.1,42
374,Ben Saraf,BRK,SG,19.0,2.88,-1.2,-1.1,-7.3,-0.4167,0.4457142857142857,-1.646,-0.5715,1.1,1.78,Fringe,7.5,20.8,44
375,Nique Clifford,SAC,SG,23.0,3.11,-1.4,-0.6,-4.9,-0.4502,0.4457142857142857,-1.846,-0.5936,1.1,2.01,Fringe,8.6,25.1,75
376,Jericho Sims,MIL,C,27.0,2.46,-0.4,3.2,-3.1,-0.1626,1.0864864864864865,-1.486,-0.6041,5.44,-2.98,Fringe,5.0,19.7,67
377,Noah Penda,ORL,SF,21.0,1.27,0.1,1.1,-1.5,0.0787,0.8842857142857142,-0.784,-0.6173,8.57,-7.3,Fair,3.8,12.8,59
378,Jalen Wilson,BRK,PF,25.0,2.22,-0.8,0.2,-5.6,-0.3604,0.61375,-1.414,-0.6369,2.93,-0.71,Fringe,6.4,15.9,54
379,Nolan Traoré,BRK,PG,19.0,3.81,-1.5,-1.6,-6.8,-0.3937,0.9902777777777777,-2.49,-0.6535,1.1,2.71,Fringe,8.9,22.2,56
380,Adem Bona,PHI,C,22.0,1.96,-0.3,2.9,-2.9,-0.1531,1.0864864864864865,-1.386,-0.7071,6.07,-4.11,Fringe,4.8,17.4,71
381,Rasheer Fleming,PHO,PF,21.0,1.27,-0.3,0.8,-3.8,-0.2362,0.61375,-0.914,-0.7197,6.07,-4.8,Fringe,4.3,12.2,55
382,Kam Jones,IND,SG,23.0,1.27,-0.6,0.0,-6.2,-0.4724,0.4457142857142857,-1.046,-0.8236,4.19,-2.92,Fringe,4.4,16.6,37
383,Nae'Qwan Tomlin,CLE,PF,25.0,0.72,0.0,2.2,-2.1,0.0,0.61375,-0.614,-0.8528,7.95,-7.23,Fringe,5.8,15.7,64
384,Tyrese Proctor,CLE,PG,21.0,1.27,-0.1,0.7,-2.8,-0.0787,0.9902777777777777,-1.09,-0.8583,7.32,-6.05,Fringe,5.4,10.9,50
385,Bryce McGowens,NOP,SG,23.0,0.72,-0.2,1.7,-2.8,-0.2778,0.4457142857142857,-0.646,-0.8972,6.69,-5.97,Fringe,8.1,21.0,42
386,Micah Peavy,NOP,SG,24.0,1.27,-0.7,0.4,-5.2,-0.5512,0.4457142857142857,-1.146,-0.9024,3.56,-2.29,Fringe,4.3,15.0,61
387,Jabari Walker,PHI,PF,23.0,0.72,-0.1,1.7,-2.7,-0.1389,0.61375,-0.714,-0.9917,7.32,-6.6,Fringe,4.3,11.9,64
388,E.J. Liddell,BRK,PF,25.0,0.71,-0.1,0.5,-3.3,-0.1408,0.61375,-0.714,-1.0056,7.32,-6.61,Fringe,5.7,13.4,26
389,Maxime Raynaud,SAC,C,22.0,1.27,-0.2,3.6,-2.4,-0.1575,1.0864864864864865,-1.286,-1.0126,6.69,-5.42,Fringe,12.5,26.5,74
390,Garrison Mathews,IND,SG,29.0,0.43,0.0,0.4,-1.3,0.0,0.4457142857142857,-0.446,-1.0372,7.95,-7.52,Fringe,5.2,13.1,15
391,Cameron Payne,PHI,PG,31.0,0.71,0.2,0.8,0.3,0.2817,0.9902777777777777,-0.79,-1.1127,9.2,-8.49,Fair,7.4,17.0,22
392,Pat Spencer,GSW,PG,29.0,0.86,-0.1,1.4,-2.3,-0.1163,0.9902777777777777,-1.09,-1.2674,7.32,-6.46,Fringe,7.2,18.6,66
393,Kobe Sanders,LAC,SG,23.0,0.48,-0.3,1.4,-2.9,-0.625,0.4457142857142857,-0.746,-1.5542,6.07,-5.59,Fringe,7.3,19.9,68
394,Spencer Jones,DEN,SF,24.0,0.62,-0.1,2.6,-2.4,-0.1613,0.8842857142857142,-0.984,-1.5871,7.32,-6.7,Fringe,5.5,22.1,64
395,Sidy Cissoko,POR,SF,21.0,0.69,-0.7,1.3,-4.0,-1.0145,0.8842857142857142,-1.584,-2.2957,3.56,-2.87,Fringe,5.1,19.1,75
396,Charles Bassey,GSW,C,25.0,0.26,0.2,0.7,1.9,0.7692,1.0864864864864865,-0.886,-3.4077,9.2,-8.94,Fair,5.8,11.8,13
397,Mac McClung,CHI,SG,27.0,0.16,-0.1,0.0,-5.1,-0.625,0.4457142857142857,-0.546,-3.4125,7.32,-7.16,Fringe,6.1,12.3,11
398,Malachi Smith,BRK,SG,26.0,0.07,0.1,0.7,-0.8,1.4286,0.4457142857142857,-0.346,-4.9429,8.57,-8.5,Fair,8.3,23.9,15
399,Christian Koloko,ATL,C,25.0,0.26,-0.2,0.3,-4.7,-0.7692,1.0864864864864865,-1.286,-4.9462,6.69,-6.43,Fringe,2.7,13.2,27
400,Killian Hayes,SAC,PG,24.0,0.26,-0.4,-0.3,-6.0,-1.5385,0.9902777777777777,-1.39,-5.3462,5.44,-5.18,Fringe,5.5,17.7,23
401,Jeremiah Robinson-Earl,DAL,PF,25.0,0.13,-0.3,0.2,-5.2,-2.3077,0.61375,-0.914,-7.0308,6.07,-5.94,Fringe,4.6,16.4,22
